Адрес ОЖФ,Идентификационный код адреса дома в ГИС ЖКХ,Глобальный уникальный идентификатор дома по ФИАС,Код ОКТМО,Способ управления,"ОГРН организации, осуществляющей управление домом","КПП организации, осуществляющей управление домом","Наименование организации, осуществляющей управление домом",Тип дома,Состояние,Общая площадь дома,Жилая площадь в доме,Дом находится в собственности субъекта Российской Федерации и в полном объеме используется в качестве общежития,Дом находится в муниципальной собственности и в полном объеме используется в качестве общежития,Тип общежития,Тип помещения (блока),Дата сноса объекта,Номер помещения (блока),Номер комнаты,Кадастровый номер,Глобальный уникальный идентификатор дома,Глобальный уникальный идентификатор помещения,Глобальный уникальный идентификатор комнаты,lon,lat,area_num,geometry
"108806, Москва г, п. Новофедоровское, д. Рассудово, ул. Верхняя, д. 1",52b101f8-8fdf-4c57-916a-2a87da76b273,72f5a236-6b80-4906-8f71-3011b832e148,45954000,Не выбран,,,,Жилой,Исправный,331.3,,-,-,-,,,,,50:26:0140401:1046,ed69cadf-1038-4999-8d47-b77d078afb64,,,37.57651329999999,55.7773098,27,POINT (37.57651329999999 55.7773098)
"108806, Москва г, п. Новофедоровское, д. Рассудово, ул. Верхняя, д. 12",66146a6b-7905-4465-b6a5-a272d96ac838,b384c9bb-1b7b-4190-81f7-6db36eb4e548,45954000,Не выбран,,,,Жилой,Исправный,418.1,,-,-,-,,,,,77:21:0140404:21,a2c17429-c514-4eb9-b236-fa31931c7d7c,,,37.5763131,55.7778609,27,POINT (37.5763131 55.7778609)
"108806, Москва г, п. Новофедоровское, д. Рассудово, ул. Верхняя, д. 2",9a274cce-debb-4ff8-9e03-d2a55a06597b,4f8d8f4c-ac8d-4cab-8ea5-003c9966524b,45954000,Не выбран,,,,Жилой,Исправный,230.6,,-,-,-,,,,,77:21:0140404:22,7d9cda6c-7888-4ce1-a360-c92515a2c5b6,,,37.5765053,55.7772813,27,POINT (37.5765053 55.7772813)
"108806, Москва г, п. Новофедоровское, д. Рассудово, ул. Верхняя, д. 3",72c3cb66-0cbc-4fb4-a85a-a9930cb97eb0,32d3ea22-dd3f-4f59-b8bd-af201a79e020,45954000,Не выбран,,,,Жилой,Исправный,199.5,,-,-,-,,,,,77:18:0000000:37036,4443dcd6-690f-4a80-ae6c-b327a68601d1,,,37.57576299999999,55.777489,27,POINT (37.57576299999999 55.777489)
"108806, Москва г, п. Новофедоровское, д. Рассудово, ул. Верхняя, д. 5",dcd917b7-d0b8-4c11-b2e9-3041197c9bbf,d3a60e7b-dabf-4f0d-a925-4b42fe469f53,45954000,Не выбран,,,,Жилой,Исправный,224.7,,-,-,-,,,,,77:21:0140404:53,2b973d20-b965-4039-a513-f70e7b830322,,,37.5758737,55.7776173,27,POINT (37.5758737 55.7776173)
"108806, Москва г, п. Новофедоровское, д. Рассудово, ул. Верхняя, д. 6",af0d6a52-3cf5-4979-bd74-34c171e107fd,841b1051-1b48-4021-bc17-17f659b26f21,45954000,Не выбран,,,,Жилой,Исправный,513.0,,-,-,-,,,,,50:26:0140401:1102,f60ef8c0-5508-4dd5-b306-afc868b32af8,,,37.5770646,55.7769463,27,POINT (37.5770646 55.7769463)
"108806, Москва г, п. Новофедоровское, д. Рассудово, ул. Верхняя, д. 7",132e9dc4-063c-4403-8355-0798c57f9f1f,b0333e71-52d7-44b5-a532-8d1836270575,45954000,Не выбран,,,,Жилой,Исправный,310.3,,-,-,-,,,,,77:18:0000000:37037,f34c3d2a-770e-4839-bf37-ac750e155ab4,,,37.57546079999999,55.7776976,27,POINT (37.57546079999999 55.7776976)
"108806, Москва г, п. Новофедоровское, д. Рассудово, ул. Верхняя, д. 8",bf0b11f5-3cd9-4bc6-9f88-33449dcfba1b,7b800803-804c-48c6-b233-08d44425a27c,45954000,Не выбран,,,,Жилой,Исправный,377.4,,-,-,-,,,,,77:21:0140404:23,7f57559b-8f07-42cf-8e56-f2807ef7a3b2,,,37.5762557,55.7773651,27,POINT (37.5762557 55.7773651)
"108806, Москва г, п. Новофедоровское, д. Рассудово, ул. Верхняя, д. 8, строение 1",499920ef-e6aa-4e4f-9df8-bc011455a573,499920ef-e6aa-4e4f-9df8-bc011455a573,45954000,Не выбран,,,,Жилой дом блокированной застройки,Исправный,154.3,,-,-,-,,,,,77:06:0003012:5754,a8195141-b30b-48d1-be68-df93d41c6f2a,,,37.5762557,55.7773651,27,POINT (37.5762557 55.7773651)
"108806, Москва г, п. Новофедоровское, д. Рассудово, ул. Верхняя, д. 9",2cb4d3d1-f2e5-41ea-ad0f-a6561d48acdb,4901b85f-caf7-40ce-8c5c-fcdc0d45f989,45954000,Не выбран,,,,Жилой,Исправный,218.9,,-,-,-,,,,,77:21:0140404:54,c2e08061-4c19-4b5a-ad6c-cd6831f275c9,,,37.57534709999999,55.77793490000001,27,POINT (37.57534709999999 55.77793490000001)
"108811, Москва г, п. Московский, д. Мешково, ул. Верхняя, д. 1",a1411c28-d55b-46de-bcf0-63f1e9376720,550750a6-606d-4825-b358-837667061c73,45952000,Не выбран,,,,Жилой,Исправный,276.9,,-,-,-,,,,,50:21:0110113:1541,2927de10-3ddb-4361-b1f9-94a99f48585c,,,37.57651329999999,55.7773098,27,POINT (37.57651329999999 55.7773098)
"108811, Москва г, п. Московский, д. Мешково, ул. Верхняя, д. 10А",03f8cf51-b4a3-408f-9780-6b8209cd377c,bc8c208f-fb7e-4828-b446-bd68fd43bf81,45952000,Не выбран,,,,Жилой дом блокированной застройки,Исправный,212.7,,-,-,-,,,,,50:21:0110113:1431,c5a871fe-89ff-48c4-a8e4-5bcb706d99d6,,,37.576319,55.77788,27,POINT (37.576319 55.77788)
"108811, Москва г, п. Московский, д. Мешково, ул. Верхняя, д. 11",64e97c46-6af0-4563-ac84-ecff2d65302e,63f68d4b-3286-474c-acac-29cfa740cc30,45952000,Не выбран,,,,Жилой,Исправный,202.8,,-,-,-,,,,,77:17:0110113:274,83a4600c-eab6-46c0-87da-2c2bd166308e,,,37.57534709999999,55.77793490000001,27,POINT (37.57534709999999 55.77793490000001)
"108811, Москва г, п. Московский, д. Мешково, ул. Верхняя, д. 12",7a4f42c5-0c0f-4ff8-a9c2-983729246054,6d3b0966-7c7f-4bc4-9699-b6161018c608,45952000,Не выбран,,,,Жилой,Исправный,166.2,,-,-,-,,,,,50:21:0110113:1652,c424a88e-61dc-4e67-b83b-b3de86c2ed4b,,,37.5763131,55.7778609,27,POINT (37.5763131 55.7778609)
"108811, Москва г, п. Московский, д. Мешково, ул. Верхняя, д. 13",95d6b7f7-f58d-4d11-a545-5e37c30ba3dd,95d6b7f7-f58d-4d11-a545-5e37c30ba3dd,45952000,Не выбран,,,,Жилой,Исправный,243.8,,-,-,-,,,,,77:17:0110113:144,0cbc011b-265b-4a2f-a5c5-f6b220a2ab69,,,37.5750736,55.7780774,27,POINT (37.5750736 55.7780774)
"108811, Москва г, п. Московский, д. Мешково, ул. Верхняя, д. 14",c97ca9be-aaef-4c69-8d76-0e80741b22bc,2c841516-bcd8-494b-8f63-76617468f59e,45952000,Не выбран,,,,Жилой,Исправный,259.9,,-,-,-,,,,,50:21:0110113:1543,f1efe684-4c9c-4215-9189-ec1c97a2ac49,,,37.57536,55.77825499999999,27,POINT (37.57536 55.77825499999999)
"108811, Москва г, п. Московский, д. Мешково, ул. Верхняя, д. 15",4039ea9a-e6d8-4514-8e2a-ef5f94ea5105,72a5aac4-4de2-4b24-9e0b-d56a9d2a1bce,45952000,Не выбран,,,,Жилой,Исправный,434.1,,-,-,-,,,,,77:17:0110113:177,7f894d43-1da6-470e-aeec-2eb09a740ed4,,,37.5748,55.7782198,27,POINT (37.5748 55.7782198)
"108811, Москва г, п. Московский, д. Мешково, ул. Верхняя, д. 16",aa3eb7af-23e7-4098-91ba-44c4bffb53a0,2e72f319-3cde-4d02-bd11-0fac1df5a4fe,45952000,Не выбран,,,,Жилой,Исправный,147.3,,-,-,-,,,,,50:21:0110113:1583,f05d996c-af53-4813-b6c4-f001a67b4d8d,,,37.575325,55.77824,27,POINT (37.575325 55.77824)
"108811, Москва г, п. Московский, д. Мешково, ул. Верхняя, д. 17",945ef3d3-4f45-4961-ab1a-278a9ce04fc2,0dff0a62-59a0-4daa-9c1b-4c56122e783c,45952000,Не выбран,,,,Жилой,Исправный,476.2,,-,-,-,,,,,50:21:0110113:1315,bddca702-0b92-4462-8ffc-055ae275d113,,,37.5738183,55.7783135,27,POINT (37.5738183 55.7783135)
"108811, Москва г, п. Московский, д. Мешково, ул. Верхняя, д. 18",6402a131-a6f4-43bb-97e8-e1630235e22a,bbdfcb23-2a08-4c0b-b615-b992be715f15,45952000,Не выбран,,,,Жилой,Исправный,364.7,,-,-,-,,,,,77:17:0110113:370,ae691103-c6ac-418a-9054-5b3f0406826d,,,37.5756381,55.7786395,27,POINT (37.5756381 55.7786395)
"108811, Москва г, п. Московский, д. Мешково, ул. Верхняя, д. 19",26502003-4639-4c1c-9644-66d9fa969fdb,03c33f1e-9cd0-4885-a470-e2d71ccdbb51,45952000,Не выбран,,,,Жилой,Исправный,334.3,,-,-,-,,,,,50:21:0110113:1370,4dcdef3b-a1cd-4c07-bac8-c7f0b13de20c,,,37.5738186,55.7783136,27,POINT (37.5738186 55.7783136)
"108811, Москва г, п. Московский, д. Мешково, ул. Верхняя, д. 22",418f6f26-1669-4f4c-bbde-f7e3a4e255ab,f167865c-e872-4d7c-bd2c-6a5365655fc3,45952000,Не выбран,,,,Жилой,Исправный,124.0,,-,-,-,,,,,77:17:0110113:436,bbc22cdf-8cfd-470b-9ed0-a566d12e905b,,,37.5748926,55.77858939999999,27,POINT (37.5748926 55.77858939999999)
"108811, Москва г, п. Московский, д. Мешково, ул. Верхняя, д. 24",a2e206a5-d64f-45ee-8700-68e3fee5d963,7f2e0a6a-ac1c-4cdd-8776-af939558cf81,45952000,Не выбран,,,,Жилой,Исправный,295.7,,-,-,-,,,,,,10338451-f359-44f6-b951-f15b6e811483,,,37.57479,55.7786431,27,POINT (37.57479 55.7786431)
"108811, Москва г, п. Московский, д. Мешково, ул. Верхняя, д. 26",6707abb4-e483-43c6-a7b9-cd7279670a1d,a9d13678-f99d-4de7-8e42-347eaab11af0,45952000,Не выбран,,,,Жилой,Исправный,146.3,,-,-,-,,,,,50:21:0110113:1371,0c7c464d-9b76-41e1-8963-22b7bafd7c82,,,37.5746873,55.7786969,27,POINT (37.5746873 55.7786969)
"108811, Москва г, п. Московский, д. Мешково, ул. Верхняя, д. 3",5ae0b2e0-1245-4abb-abc7-dfd4b81084ab,a76e6083-9440-4ed9-b719-ddf94cb13a47,45952000,Не выбран,,,,Жилой,Исправный,250.3,,-,-,-,,,,,77:17:0110113:298,cfd284be-06d1-4a8c-9c7c-3fd1d7bebde5,,,37.57576299999999,55.777489,27,POINT (37.57576299999999 55.777489)
"108811, Москва г, п. Московский, д. Мешково, ул. Верхняя, д. 30",6f6a7314-e63f-410d-ba78-a613dd7d6636,42f15f3e-1994-4253-9be9-0c0b9c969d41,45952000,Не выбран,,,,Жилой,Исправный,630.8,,-,-,-,,,,,,5c187f52-83af-41a7-a9eb-5dc16c3c56bf,,,37.5749228,55.77843240000001,27,POINT (37.5749228 55.77843240000001)
"108811, Москва г, п. Московский, д. Мешково, ул. Верхняя, д. 32",a5a148e4-5c8e-4036-92a3-a9036e9db7d4,4f872a5a-d2ab-41b2-8699-b4818f9c9f27,45952000,Не выбран,,,,Жилой,Исправный,172.8,,-,-,-,,,,,77:17:0110113:434,6b5f7eda-5a1b-4e65-943d-18fd46d624e3,,,37.5740086,55.77863439999999,27,POINT (37.5740086 55.77863439999999)
"108811, Москва г, п. Московский, д. Мешково, ул. Верхняя, д. 33",c804cf1c-60db-407c-9c65-9f38bbd9b5b4,7885c78c-9069-4397-9195-8f12ab634c1d,45952000,Не выбран,,,,Жилой,Исправный,243.6,,-,-,-,,,,,77:17:0110113:300,94d3b1f7-c6b1-4d9d-8c85-92db8054b38c,,,37.5730475,55.7791675,27,POINT (37.5730475 55.7791675)
"108811, Москва г, п. Московский, д. Мешково, ул. Верхняя, д. 35",b7d0b5ec-10ee-496a-8a60-f52737e29c82,b7d0b5ec-10ee-496a-8a60-f52737e29c82,45952000,Не выбран,,,,Жилой,Исправный,35.2,,-,-,-,,,,,50:21:0110113:1586,dbe17a80-1357-4276-9bde-fca470fc400c,,,37.5730475,55.7791675,27,POINT (37.5730475 55.7791675)
"108811, Москва г, п. Московский, д. Мешково, ул. Верхняя, д. 36",87f6e1d3-39ee-4b59-951a-6db7dd9804a7,87f6e1d3-39ee-4b59-951a-6db7dd9804a7,45952000,Не выбран,,,,Жилой,Исправный,261.8,,-,-,-,,,,,50:21:0110113:1654,4e4a9417-a0c1-4e27-8d09-ebc6de4775b3,,,37.574365,55.77886580000001,27,POINT (37.574365 55.77886580000001)
"108811, Москва г, п. Московский, д. Мешково, ул. Верхняя, д. 37",b9ec8d17-8f80-4531-85aa-92ce97981fc4,3461f7ff-a2a1-4798-be0e-e4ff57e3ddf5,45952000,Не выбран,,,,Жилой,Исправный,236.8,,-,-,-,,,,,,7591b922-8e1d-4827-be63-efc8bcaea15c,,,37.5730475,55.7791675,27,POINT (37.5730475 55.7791675)
"108811, Москва г, п. Московский, д. Мешково, ул. Верхняя, д. 39",85ed34c9-34e8-4009-ad0e-4443a826a1d4,3e341f3c-6575-4e72-b35c-3c245c07254d,45952000,Не выбран,,,,Жилой,Исправный,295.7,,-,-,-,,,,,,0d0eaefe-3784-476e-822d-bee17a2fa255,,,37.5730475,55.7791675,27,POINT (37.5730475 55.7791675)
"108811, Москва г, п. Московский, д. Мешково, ул. Верхняя, д. 4",877b9549-2b3b-4d51-b85b-61b85da5dac4,2062b651-be2b-4b69-a97e-0c547506b461,45952000,Не выбран,,,,Жилой,Исправный,242.8,,-,-,-,,,,,,da8a90b1-6762-4f3f-9030-bc9f512c178a,,,37.5768859,55.7768726,27,POINT (37.5768859 55.7768726)
"108811, Москва г, п. Московский, д. Мешково, ул. Верхняя, д. 44",107ed7f4-8015-4622-9480-b5c4e82a5cf4,107ed7f4-8015-4622-9480-b5c4e82a5cf4,45952000,Не выбран,,,,Жилой,Исправный,383.5,,-,-,-,,,,,,6be19ce2-a026-4946-b788-92887e9dadfe,,,37.574365,55.77886580000001,27,POINT (37.574365 55.77886580000001)
"108811, Москва г, п. Московский, д. Мешково, ул. Верхняя, д. 5",d7990e9f-e21d-42a4-a8b6-c2b68f3c1a7d,6d0b60f9-cc8c-4cbf-8d1c-015a648b93f4,45952000,Не выбран,,,,Жилой,Исправный,236.9,,-,-,-,,,,,77:17:0110113:178,c19fa314-82e4-4218-b1cf-b650046baae2,,,37.5758737,55.7776173,27,POINT (37.5758737 55.7776173)
"108811, Москва г, п. Московский, д. Мешково, ул. Верхняя, д. 6",3ca0fd08-add4-4c78-8c46-13efe3e07186,b4a20fd1-aa6a-4801-b549-cb728f47000e,45952000,Не выбран,,,,Жилой,Исправный,255.4,,-,-,-,,,,,77:17:0110113:375,5a3a9b0c-43cf-462e-b216-b8f9e81c0e4f,,,37.5770646,55.7769463,27,POINT (37.5770646 55.7769463)
"108811, Москва г, п. Московский, д. Мешково, ул. Верхняя, д. 7",288eba5d-6a07-4dd8-b8c7-c24be62df8c8,ef1c3aa7-8d88-45bd-89e0-49abfe3c41c3,45952000,Не выбран,,,,Жилой дом блокированной застройки,Исправный,57.6,,-,-,-,,,,,50:21:0110113:1316,c4e762f3-2189-4151-83dc-a19e8ea27cc7,,,37.57546079999999,55.7776976,27,POINT (37.57546079999999 55.7776976)
"108811, Москва г, п. Московский, д. Мешково, ул. Верхняя, д. 7А",74316a49-0bdd-473f-b38b-8257856f7b14,3c051db0-8a61-4fea-8038-64bf5764c2ad,45952000,Не выбран,,,,Жилой,Исправный,392.8,,-,-,-,,,,,77:17:0110113:357,c696399c-d1a0-40b8-960d-6ebb8244a694,,,37.57546079999999,55.7776976,27,POINT (37.57546079999999 55.7776976)
"108811, Москва г, п. Московский, д. Мешково, ул. Верхняя, д. 9",7ecc3ba3-870c-4830-8970-34fc87fc513d,9f2b83e8-1dd3-42ab-a5a5-e2fbe90d07cc,45952000,Не выбран,,,,Жилой,Исправный,299.8,,-,-,-,,,,,,43423f98-00d2-4c9d-85dc-7601f5b89f40,,,37.57534709999999,55.77793490000001,27,POINT (37.57534709999999 55.77793490000001)
"108811, Москва г, п. Московский, д. Мешково, ул. Верхняя, д. 9А",eaee7091-f2b5-4390-a8f8-79e48b90fd33,54ebe813-3fa7-4b46-bc09-99bac92b6bc0,45952000,Не выбран,,,,Жилой,Исправный,160.0,,-,-,-,,,,,77:17:0110113:78,495f3766-52e3-4a86-953b-3fe07bfcece1,,,37.57534709999999,55.77793490000001,27,POINT (37.57534709999999 55.77793490000001)
"108840, Москва г, г. Троицк, ул. Нижняя, д. 5",81f4b475-09b1-4df5-ab49-e0010d25496d,ee134066-133b-4ef8-af33-9919041e913d,45931000,Не выбран,,,,Жилой,Исправный,281.4,,-,-,-,,,,,77:17:0000000:5526,ad821f3a-94b1-4b62-86d3-836561b38589,,,37.5785226,55.7769927,27,POINT (37.5785226 55.7769927)
"123103, Москва г, лн.. 4-я Хорошёвского Серебряного Бора, д. 131А, корп. 1",67ded8e8-1e8f-4491-a80f-43e5b11b4bdb,67ded8e8-1e8f-4491-a80f-43e5b11b4bdb,45371000,Не выбран,,,,Жилой,Исправный,275.7,,-,-,-,,,,,,7c00c342-b222-4976-888e-13ae481b5c14,,,37.5553083,55.7748269,27,POINT (37.5553083 55.7748269)
"123103, Москва г, лн.. 4-я Хорошёвского Серебряного Бора, д. 19А, строение 1",9dfaef2b-be7d-420e-b5a8-81e80d24ffe1,9dfaef2b-be7d-420e-b5a8-81e80d24ffe1,45371000,Не выбран,,,,Жилой,Исправный,157.9,,-,-,-,,,,,,f49b0831-939c-469f-9085-2419a6071d61,,,37.5553083,55.7748269,27,POINT (37.5553083 55.7748269)
"123103, Москва г, лн.. 4-я Хорошёвского Серебряного Бора, д. 19, корп. 1, строение 5",4624e654-d51b-4bb9-b36b-6d90df0c04e2,fae305a2-4412-4d73-b152-4d879feacff9,45371000,Не выбран,,,,Жилой,,,,-,-,-,,,,,,e53806ca-3ef2-4d27-92bb-9eb24b1d3d8a,,,37.5553083,55.7748269,27,POINT (37.5553083 55.7748269)
"123103, Москва г, лн.. 4-я Хорошёвского Серебряного Бора, д. 19, корп. 1, строение 6",409b9639-85b1-4692-8b1e-12d16f842617,9cf3fb48-5b87-41fc-a462-06f276814e32,45371000,Не выбран,,,,Жилой,,,,-,-,-,,,,,,55822af1-9a26-4224-a04b-62dc4526db88,,,37.5553083,55.7748269,27,POINT (37.5553083 55.7748269)
"123103, Москва г, лн.. 4-я Хорошёвского Серебряного Бора, д. 20Б, строение 1",1b2ead5c-e464-49ac-a75b-9ac5ffd4042d,1b2ead5c-e464-49ac-a75b-9ac5ffd4042d,45371000,Не выбран,,,,Жилой,,,,-,-,-,,,,,,816b6f04-b132-4af0-8f29-57b0342c629b,,,37.5553083,55.7748269,27,POINT (37.5553083 55.7748269)
"125040, Москва г, пр-кт. Ленинградский, д. 1",3ebbc3ff-9482-40bc-9ef2-4b04df4f139b,3ebbc3ff-9482-40bc-9ef2-4b04df4f139b,45334000,УО,1157746528830.0,771401001.0,"ГОСУДАРСТВЕННОЕ БЮДЖЕТНОЕ УЧРЕЖДЕНИЕ ГОРОДА МОСКВЫ ""ЖИЛИЩНИК РАЙОНА БЕГОВОЙ""",Многоквартирный,Исправный,12434.1,8891,-,-,-,,,,,77:09:0005015:1241,88b850ec-1cc3-4974-80e0-4bc2c49c62e2,,,37.5804462,55.7778648,27,POINT (37.5804462 55.7778648)
"125040, Москва г, пр-кт. Ленинградский, д. 10",b577b9c0-8680-4627-8f5e-25d3160fad98,b577b9c0-8680-4627-8f5e-25d3160fad98,45334000,УО,1157746528830.0,771401001.0,"ГОСУДАРСТВЕННОЕ БЮДЖЕТНОЕ УЧРЕЖДЕНИЕ ГОРОДА МОСКВЫ ""ЖИЛИЩНИК РАЙОНА БЕГОВОЙ""",Многоквартирный,Исправный,6955.8,4887,-,-,-,,,,,77:09:0004021:1024,f6d187cc-9489-46d3-955b-8417f0a05efc,,,37.579902,55.779718,27,POINT (37.579902 55.779718)
"125040, Москва г, пр-кт. Ленинградский, д. 11",06c6de29-55a8-4c85-90b2-ada2c28a1fef,06c6de29-55a8-4c85-90b2-ada2c28a1fef,45334000,УО,1157746528830.0,771401001.0,"ГОСУДАРСТВЕННОЕ БЮДЖЕТНОЕ УЧРЕЖДЕНИЕ ГОРОДА МОСКВЫ ""ЖИЛИЩНИК РАЙОНА БЕГОВОЙ""",Многоквартирный,Исправный,2885.2,2336,-,-,-,,,,,77:09:0005015:1075,d5a052af-8c63-4d51-a426-c1772e0df36f,,,37.5740327,55.7804947,27,POINT (37.5740327 55.7804947)
"125040, Москва г, пр-кт. Ленинградский, д. 12",d8619839-b279-41b1-a4ca-7616ce19a7b2,d8619839-b279-41b1-a4ca-7616ce19a7b2,45334000,УО,1157746528830.0,771401001.0,"ГОСУДАРСТВЕННОЕ БЮДЖЕТНОЕ УЧРЕЖДЕНИЕ ГОРОДА МОСКВЫ ""ЖИЛИЩНИК РАЙОНА БЕГОВОЙ""",Многоквартирный,Исправный,7270.7,5806,-,-,-,,,,,77:09:0004021:1025,3dd30e17-da7e-4a21-83fc-4e35b86eb8aa,,,37.5788845,55.7801428,27,POINT (37.5788845 55.7801428)
"125040, Москва г, пр-кт. Ленинградский, д. 13, строение 1",d19a79e7-8b42-455b-805a-a3117c7468d2,d19a79e7-8b42-455b-805a-a3117c7468d2,45334000,УО,1157746528830.0,771401001.0,"ГОСУДАРСТВЕННОЕ БЮДЖЕТНОЕ УЧРЕЖДЕНИЕ ГОРОДА МОСКВЫ ""ЖИЛИЩНИК РАЙОНА БЕГОВОЙ""",Многоквартирный,Исправный,4000.1,2927,-,-,-,,,,,77:09:0005015:1076,b630026f-2ef8-40da-9db1-0b7a58fac70c,,,37.5735146,55.7811178,27,POINT (37.5735146 55.7811178)
"125040, Москва г, пр-кт. Ленинградский, д. 13, строение 1А",9c52fc90-6313-46af-aa36-2ac2af1fd508,9c52fc90-6313-46af-aa36-2ac2af1fd508,45334000,УО,1157746528830.0,771401001.0,"ГОСУДАРСТВЕННОЕ БЮДЖЕТНОЕ УЧРЕЖДЕНИЕ ГОРОДА МОСКВЫ ""ЖИЛИЩНИК РАЙОНА БЕГОВОЙ""",Многоквартирный,Исправный,4960.6,4335,-,-,-,,,,,77:09:0005015:1077,0f950d02-7479-46c5-9f8f-00466822251c,,,37.572786,55.781178,27,POINT (37.572786 55.781178)
"125040, Москва г, пр-кт. Ленинградский, д. 14, корп. 1",28d21941-c07e-4c3e-a9e5-16fe2a46706b,28d21941-c07e-4c3e-a9e5-16fe2a46706b,45334000,УО,1157746528830.0,771401001.0,"ГОСУДАРСТВЕННОЕ БЮДЖЕТНОЕ УЧРЕЖДЕНИЕ ГОРОДА МОСКВЫ ""ЖИЛИЩНИК РАЙОНА БЕГОВОЙ""",Многоквартирный,Исправный,13452.2,11632.1,-,-,-,,,,,77:09:0004021:1026,7c5d82ee-a867-4fc0-a746-f743682a68ad,,,37.577904,55.781083,27,POINT (37.577904 55.781083)
"125040, Москва г, пр-кт. Ленинградский, д. 14, корп. 4",043fbcd2-9f47-49d2-adf2-42ec0485726c,043fbcd2-9f47-49d2-adf2-42ec0485726c,45334000,УО,1157746528830.0,771401001.0,"ГОСУДАРСТВЕННОЕ БЮДЖЕТНОЕ УЧРЕЖДЕНИЕ ГОРОДА МОСКВЫ ""ЖИЛИЩНИК РАЙОНА БЕГОВОЙ""",Многоквартирный,Исправный,5048.3,4666.1,-,-,-,,,,,77:09:0004021:1027,a9dc3ed7-8162-40e8-93ac-0dc71346366f,,,37.5798215,55.7817246,27,POINT (37.5798215 55.7817246)
"125040, Москва г, пр-кт. Ленинградский, д. 14, корп. 5",a73ac039-868f-4ae5-ad9c-b048f5ded0b7,a73ac039-868f-4ae5-ad9c-b048f5ded0b7,45334000,УО,1157746528830.0,771401001.0,"ГОСУДАРСТВЕННОЕ БЮДЖЕТНОЕ УЧРЕЖДЕНИЕ ГОРОДА МОСКВЫ ""ЖИЛИЩНИК РАЙОНА БЕГОВОЙ""",Многоквартирный,Исправный,5052.8,4973,-,-,-,,,,,77:09:0004021:1028,d5701472-5788-4a88-8781-e8c4ee7c8b4c,,,37.579233,55.7820022,27,POINT (37.579233 55.7820022)
"125040, Москва г, пр-кт. Ленинградский, д. 18",95063ed0-0e95-4d49-afe9-51847127d08b,95063ed0-0e95-4d49-afe9-51847127d08b,45334000,УО,1157746528830.0,771401001.0,"ГОСУДАРСТВЕННОЕ БЮДЖЕТНОЕ УЧРЕЖДЕНИЕ ГОРОДА МОСКВЫ ""ЖИЛИЩНИК РАЙОНА БЕГОВОЙ""",Многоквартирный,Исправный,9816.9,8359,-,-,-,,,,,77:09:0004021:1029,f8ed2851-9c70-4b65-93d4-500c094a7eee,,,37.5760631,55.7810289,27,POINT (37.5760631 55.7810289)
"125040, Москва г, пр-кт. Ленинградский, д. 19",62a7c925-6c10-427a-80c4-b434b35542c5,62a7c925-6c10-427a-80c4-b434b35542c5,45334000,УО,1157746528830.0,771401001.0,"ГОСУДАРСТВЕННОЕ БЮДЖЕТНОЕ УЧРЕЖДЕНИЕ ГОРОДА МОСКВЫ ""ЖИЛИЩНИК РАЙОНА БЕГОВОЙ""",Многоквартирный,Исправный,2728.7,2337,-,-,-,,,,,77:09:0005015:1078,4b7f7a48-d9d2-478e-9b08-838c4afc3aaf,,,37.569128,55.7816802,27,POINT (37.569128 55.7816802)
"125040, Москва г, пр-кт. Ленинградский, д. 2",25a2a522-1dd8-45ca-870d-1ce9ffe4fd0d,25a2a522-1dd8-45ca-870d-1ce9ffe4fd0d,45334000,УО,1157746528830.0,771401001.0,"ГОСУДАРСТВЕННОЕ БЮДЖЕТНОЕ УЧРЕЖДЕНИЕ ГОРОДА МОСКВЫ ""ЖИЛИЩНИК РАЙОНА БЕГОВОЙ""",Многоквартирный,Исправный,5349.8,4304,-,-,-,,,,,77:09:0004021:1022,1dcac82c-7aae-4c99-aac8-4ef4765bbc9c,,,37.5828056,55.7787091,27,POINT (37.5828056 55.7787091)
"125040, Москва г, пр-кт. Ленинградский, д. 24",8f4ca72c-ce83-4ed0-b14c-897783c435c9,8f4ca72c-ce83-4ed0-b14c-897783c435c9,45334000,УО,1157746528830.0,771401001.0,"ГОСУДАРСТВЕННОЕ БЮДЖЕТНОЕ УЧРЕЖДЕНИЕ ГОРОДА МОСКВЫ ""ЖИЛИЩНИК РАЙОНА БЕГОВОЙ""",Многоквартирный,Исправный,8777.2,6631,-,-,-,,,,,77:09:0004020:1059,69f33f88-8b5e-4e54-9068-1aee1a3a92b4,,,37.5736778,55.78259449999999,27,POINT (37.5736778 55.78259449999999)
"125040, Москва г, пр-кт. Ленинградский, д. 26, корп. 1",f674ea37-4bbd-40f6-89a1-563ebf10b2ef,f674ea37-4bbd-40f6-89a1-563ebf10b2ef,45334000,УО,1157746528830.0,771401001.0,"ГОСУДАРСТВЕННОЕ БЮДЖЕТНОЕ УЧРЕЖДЕНИЕ ГОРОДА МОСКВЫ ""ЖИЛИЩНИК РАЙОНА БЕГОВОЙ""",Многоквартирный,Исправный,12854.7,2092,-,-,-,,,,,77:09:0004020:1060,c2f13572-9bc4-490d-9d5c-5f84f3c1fbe2,,,37.5730854,55.7830577,27,POINT (37.5730854 55.7830577)
"125040, Москва г, пр-кт. Ленинградский, д. 26, корп. 2",b161bbfe-05bf-45cd-afd1-44eafe198a10,b161bbfe-05bf-45cd-afd1-44eafe198a10,45334000,УО,1157746528830.0,771401001.0,"ГОСУДАРСТВЕННОЕ БЮДЖЕТНОЕ УЧРЕЖДЕНИЕ ГОРОДА МОСКВЫ ""ЖИЛИЩНИК РАЙОНА БЕГОВОЙ""",Многоквартирный,Исправный,6711.7,4854,-,-,-,,,,,77:09:0004020:1061,7643766d-2f6e-43f6-91c2-236dadacbe1f,,,37.5731175,55.78380929999999,27,POINT (37.5731175 55.78380929999999)
"125040, Москва г, пр-кт. Ленинградский, д. 26, строение 5",a9ba2f09-c4c8-4533-a82b-58ccbd33f102,a9ba2f09-c4c8-4533-a82b-58ccbd33f102,45334000,Не выбран,,,,Многоквартирный,,,,-,-,-,,,,,,fd7e829e-69dc-461f-b7cd-8adc12f404c7,,,37.5742293,55.78399870000001,27,POINT (37.5742293 55.78399870000001)
"125040, Москва г, пр-кт. Ленинградский, д. 28",b5e116fd-4aba-41d3-92af-44c8cdec3e01,b5e116fd-4aba-41d3-92af-44c8cdec3e01,45334000,УО,1157746528830.0,771401001.0,"ГОСУДАРСТВЕННОЕ БЮДЖЕТНОЕ УЧРЕЖДЕНИЕ ГОРОДА МОСКВЫ ""ЖИЛИЩНИК РАЙОНА БЕГОВОЙ""",Многоквартирный,Исправный,21788.4,18836.1,-,-,-,,,,,77:09:0004020:1062,05706e7a-1faf-4681-b7bc-8ab61d29d45e,,,37.57244499999999,55.7840524,27,POINT (37.57244499999999 55.7840524)
"125040, Москва г, пр-кт. Ленинградский, д. 34",3a79f4c4-e163-4fb2-be78-d46394be55f4,3a79f4c4-e163-4fb2-be78-d46394be55f4,45334000,УО,5067746794231.0,771401001.0,"ОБЩЕСТВО С ОГРАНИЧЕННОЙ ОТВЕТСТВЕННОСТЬЮ УПРАВЛЯЮЩАЯ КОМПАНИЯ ДИРЕКЦИЯ ЭКСПЛУАТАЦИИ ЗДАНИЙ ""БЕГОВАЯ""",Многоквартирный,Исправный,6824.0,4862.5,-,-,-,,,,,77:09:0004020:1063,c5d41e21-2c50-41a6-9ac8-f3fffd2c93a9,,,37.5692058,55.7856549,27,POINT (37.5692058 55.7856549)
"125040, Москва г, пр-кт. Ленинградский, д. 4/2",cb5a43d3-1e08-4557-a5c2-d127213e9180,cb5a43d3-1e08-4557-a5c2-d127213e9180,45334000,УО,1157746528830.0,771401001.0,"ГОСУДАРСТВЕННОЕ БЮДЖЕТНОЕ УЧРЕЖДЕНИЕ ГОРОДА МОСКВЫ ""ЖИЛИЩНИК РАЙОНА БЕГОВОЙ""",Многоквартирный,Исправный,5023.2,4031,-,-,-,,,,,77:09:0004021:1023,e492cf6b-88fc-45af-8f7b-5a60847c0035,,,37.582187,55.778737,27,POINT (37.582187 55.778737)
"125040, Москва г, пр-кт. Ленинградский, д. 5, строение 2",3ba3a6f0-1d34-4c13-911a-91e82bb5bd4c,e4dda506-10dc-4cdd-ad24-e59bdaf40aab,45334000,УО,1157746528830.0,771401001.0,"ГОСУДАРСТВЕННОЕ БЮДЖЕТНОЕ УЧРЕЖДЕНИЕ ГОРОДА МОСКВЫ ""ЖИЛИЩНИК РАЙОНА БЕГОВОЙ""",Многоквартирный,Исправный,7999.5,5903,-,-,-,,,,,77:09:0005015:1072,d299fbe6-b1fd-434c-b1c7-99dab7829736,,,37.576664,55.779129,27,POINT (37.576664 55.779129)
"125040, Москва г, пр-кт. Ленинградский, д. 5, строение 3",d9c8ad0e-f73c-41af-bce9-edb11a6223f5,d9c8ad0e-f73c-41af-bce9-edb11a6223f5,45334000,УО,1157746528830.0,771401001.0,"ГОСУДАРСТВЕННОЕ БЮДЖЕТНОЕ УЧРЕЖДЕНИЕ ГОРОДА МОСКВЫ ""ЖИЛИЩНИК РАЙОНА БЕГОВОЙ""",Многоквартирный,Исправный,4551.8,3891,-,-,-,,,,,77:09:0005015:1073,5964ce23-f044-4cba-b4ad-80bdfd1d17d8,,,37.576593,55.778409,27,POINT (37.576593 55.778409)
"125040, Москва г, пр-кт. Ленинградский, д. 9",a0a3d05e-ea36-46ab-88d2-f610d7ab4585,a0a3d05e-ea36-46ab-88d2-f610d7ab4585,45334000,УО,1157746528830.0,771401001.0,"ГОСУДАРСТВЕННОЕ БЮДЖЕТНОЕ УЧРЕЖДЕНИЕ ГОРОДА МОСКВЫ ""ЖИЛИЩНИК РАЙОНА БЕГОВОЙ""",Многоквартирный,Исправный,12473.0,10090,-,-,-,,,,,77:09:0005015:1074,b9ef2f49-8a98-42e3-aa97-1ec1057c997d,,,37.57534,55.780241,27,POINT (37.57534 55.780241)
"125040, Москва г, ул. Верхняя, д. 1",d448b8eb-0a5e-43c4-9a62-9878ce585513,d448b8eb-0a5e-43c4-9a62-9878ce585513,45334000,УО,1157746528830.0,771401001.0,"ГОСУДАРСТВЕННОЕ БЮДЖЕТНОЕ УЧРЕЖДЕНИЕ ГОРОДА МОСКВЫ ""ЖИЛИЩНИК РАЙОНА БЕГОВОЙ""",Многоквартирный,Исправный,2531.8,2432,-,-,-,,,,,77:09:0005015:1027,96000b18-5147-44f0-92f2-6d31ef7ab16f,,,37.57651329999999,55.7773098,27,POINT (37.57651329999999 55.7773098)
"125040, Москва г, ул. Верхняя, д. 14",aeb2451d-6d33-4c8f-bf45-bcd50cc73d63,aeb2451d-6d33-4c8f-bf45-bcd50cc73d63,45334000,УО,1157746528830.0,771401001.0,"ГОСУДАРСТВЕННОЕ БЮДЖЕТНОЕ УЧРЕЖДЕНИЕ ГОРОДА МОСКВЫ ""ЖИЛИЩНИК РАЙОНА БЕГОВОЙ""",Многоквартирный,Исправный,2805.4,2805,-,-,-,,,,,77:09:0005015:1039,e6d7b5d4-0b56-4576-b1a3-a4e1de9326e6,,,37.57536,55.77825499999999,27,POINT (37.57536 55.77825499999999)
"125040, Москва г, ул. Верхняя, д. 18",1af364d6-74b0-447d-89d7-0e7d377854ee,1af364d6-74b0-447d-89d7-0e7d377854ee,45334000,УО,1157746528830.0,771401001.0,"ГОСУДАРСТВЕННОЕ БЮДЖЕТНОЕ УЧРЕЖДЕНИЕ ГОРОДА МОСКВЫ ""ЖИЛИЩНИК РАЙОНА БЕГОВОЙ""",Многоквартирный,Исправный,4213.4,4213,-,-,-,,,,,77:09:0005015:1040,753397ea-4db8-4303-9fdc-793b295a0de9,,,37.5756381,55.7786395,27,POINT (37.5756381 55.7786395)
"125040, Москва г, ул. Верхняя, д. 20, корп. 1",9d024992-5c6c-4ee7-bf02-442246669bd9,cd1bf12c-9529-42c8-a91b-6eb061775469,45334000,УО,1137746576208.0,770401001.0,"ОБЩЕСТВО С ОГРАНИЧЕННОЙ ОТВЕТСТВЕННОСТЬЮ ""СМАРТ ЦЕНТР""",Многоквартирный,Исправный,55852.1,44425.1,-,-,-,,,,,,4b9eb1c5-1119-407a-9e21-60bc756f2978,,,37.5747554,55.7783944,27,POINT (37.5747554 55.7783944)
"125040, Москва г, ул. Верхняя, д. 22",caa73527-9d0c-43dd-9dc3-e8e0e810f25d,72c318d0-5167-457f-b893-8ba877c2871b,45334000,УО,1197746157036.0,771701001.0,"ОБЩЕСТВО С ОГРАНИЧЕННОЙ ОТВЕТСТВЕННОСТЬЮ ""ТАУЭРС ГРАД""",Многоквартирный,Исправный,13935.0,6316.5,-,-,-,,,,,77:09:0005015:11127,16d2b4c8-0c1c-4e48-8e4b-a985ecd2bc09,,,37.5748926,55.77858939999999,27,POINT (37.5748926 55.77858939999999)
"125040, Москва г, ул. Верхняя, д. 3, корп. 1",c1150372-95aa-432b-b234-f8ae0a923ad7,c1150372-95aa-432b-b234-f8ae0a923ad7,45334000,УО,1157746528830.0,771401001.0,"ГОСУДАРСТВЕННОЕ БЮДЖЕТНОЕ УЧРЕЖДЕНИЕ ГОРОДА МОСКВЫ ""ЖИЛИЩНИК РАЙОНА БЕГОВОЙ""",Многоквартирный,Исправный,3164.6,2955,-,-,-,,,,,77:09:0005015:1028,519feedb-c767-4323-967e-3141e0483023,,,37.57564,55.777373,27,POINT (37.57564 55.777373)
"125040, Москва г, ул. Верхняя, д. 3, корп. 2",35e82bea-9430-4e7a-85f2-0127695cea3d,35e82bea-9430-4e7a-85f2-0127695cea3d,45334000,УО,1157746528830.0,771401001.0,"ГОСУДАРСТВЕННОЕ БЮДЖЕТНОЕ УЧРЕЖДЕНИЕ ГОРОДА МОСКВЫ ""ЖИЛИЩНИК РАЙОНА БЕГОВОЙ""",Многоквартирный,Исправный,3669.9,2882.3,-,-,-,,,,,77:09:0005015:1029,1add7936-ff8b-46cd-b2b9-f0d0004395bf,,,37.574916,55.776858,27,POINT (37.574916 55.776858)
"125040, Москва г, ул. Верхняя, д. 6",5a5c62ad-b77b-4952-af0e-e739a3c71fcc,d08e1ab9-d02a-4850-8fad-886f9a4eb478,45334000,ЖК,1037739777976.0,771401001.0,"ТОВАРИЩЕСТВО СОБСТВЕННИКОВ НЕДВИЖИМОСТИ ""ТОПОЛЬ""",Многоквартирный,Исправный,4105.0,3799,-,-,-,,,,,нет,63261121-8130-402b-8681-6fcff4645b9c,,,37.5770646,55.7769463,27,POINT (37.5770646 55.7769463)
"125040, Москва г, ул. Нижняя, д. 11",8968dc49-925a-4f0d-ab28-712d3b54629a,8968dc49-925a-4f0d-ab28-712d3b54629a,45334000,УО,1157746528830.0,771401001.0,"ГОСУДАРСТВЕННОЕ БЮДЖЕТНОЕ УЧРЕЖДЕНИЕ ГОРОДА МОСКВЫ ""ЖИЛИЩНИК РАЙОНА БЕГОВОЙ""",Многоквартирный,Исправный,3353.1,3355.6,-,-,-,,,,,77:09:0005015:1242,f0a7de58-14c6-46d3-9f6e-e45d994d5674,,,37.5765036,55.7763808,27,POINT (37.5765036 55.7763808)
"125040, Москва г, ул. Нижняя, д. 3",12f2aad3-be14-421e-b7f0-1c179ca98822,12f2aad3-be14-421e-b7f0-1c179ca98822,45334000,УО,1157746528830.0,771401001.0,"ГОСУДАРСТВЕННОЕ БЮДЖЕТНОЕ УЧРЕЖДЕНИЕ ГОРОДА МОСКВЫ ""ЖИЛИЩНИК РАЙОНА БЕГОВОЙ""",Многоквартирный,Исправный,3167.1,2780,-,-,-,,,,,77:09:0005015:1067,fa8547fc-12e5-4fb7-9c30-dc2182437c37,,,37.5795148,55.7772334,27,POINT (37.5795148 55.7772334)
"125040, Москва г, ул. Нижняя, д. 4",5e965e97-c4f6-4548-9e07-5bed9845e80b,5e965e97-c4f6-4548-9e07-5bed9845e80b,45334000,УО,1157746528830.0,771401001.0,"ГОСУДАРСТВЕННОЕ БЮДЖЕТНОЕ УЧРЕЖДЕНИЕ ГОРОДА МОСКВЫ ""ЖИЛИЩНИК РАЙОНА БЕГОВОЙ""",Многоквартирный,Исправный,2770.1,2740,-,-,-,,,,,77:09:0005015:1068,2153e56d-bc55-48d4-9564-e416ff1f01aa,,,37.57800599999999,55.77735999999999,27,POINT (37.57800599999999 55.77735999999999)
"125040, Москва г, ул. Нижняя, д. 5",0c515143-d612-4e6b-b902-1b13277eaca1,0c515143-d612-4e6b-b902-1b13277eaca1,45334000,УО,1157746528830.0,771401001.0,"ГОСУДАРСТВЕННОЕ БЮДЖЕТНОЕ УЧРЕЖДЕНИЕ ГОРОДА МОСКВЫ ""ЖИЛИЩНИК РАЙОНА БЕГОВОЙ""",Многоквартирный,Исправный,3279.7,2655.5,-,-,-,,,,,77:09:0005015:1069,9f89c672-b376-418b-941b-131bf14fb38b,,,37.5785226,55.7769927,27,POINT (37.5785226 55.7769927)
"125040, Москва г, ул. Нижняя, д. 6",9fbc84a1-daf7-4cc0-b302-d8119fb3c581,9fbc84a1-daf7-4cc0-b302-d8119fb3c581,45334000,УО,1157746528830.0,771401001.0,"ГОСУДАРСТВЕННОЕ БЮДЖЕТНОЕ УЧРЕЖДЕНИЕ ГОРОДА МОСКВЫ ""ЖИЛИЩНИК РАЙОНА БЕГОВОЙ""",Многоквартирный,Исправный,2752.4,2524,-,-,-,,,,,77:09:0005015:1070,0afa9d04-e74f-4915-86f5-92e30809f21e,,,37.5770788,55.77704079999999,27,POINT (37.5770788 55.77704079999999)
"125040, Москва г, ул. Нижняя, д. 7",6e7dd09f-6c17-41a7-9ba5-024b01c69f98,6e7dd09f-6c17-41a7-9ba5-024b01c69f98,45334000,УО,1157746528830.0,771401001.0,"ГОСУДАРСТВЕННОЕ БЮДЖЕТНОЕ УЧРЕЖДЕНИЕ ГОРОДА МОСКВЫ ""ЖИЛИЩНИК РАЙОНА БЕГОВОЙ""",Многоквартирный,Исправный,2438.8,2394,-,-,-,,,,,77:09:0005015:1071,42f0d825-b9a8-47af-8a1c-4b65152558a1,,,37.5779684,55.7767509,27,POINT (37.5779684 55.7767509)
"125040, Москва г, ул. Нижняя Масловка, д. 11, корп. 1",f11d416a-6a6e-420e-8067-ab9b2edf8fdb,f11d416a-6a6e-420e-8067-ab9b2edf8fdb,45334000,УО,1157746528830.0,771401001.0,"ГОСУДАРСТВЕННОЕ БЮДЖЕТНОЕ УЧРЕЖДЕНИЕ ГОРОДА МОСКВЫ ""ЖИЛИЩНИК РАЙОНА БЕГОВОЙ""",Многоквартирный,Исправный,1794.2,1395,-,-,-,,,,,нет,1f80a6a2-1cc8-4641-9a6f-db7b529371e7,,,37.5755576,55.7910738,27,POINT (37.5755576 55.7910738)
"125040, Москва г, ул. Нижняя Масловка, д. 11, корп. 2",13cf8535-1ce8-4b90-af9f-fddb871b19f3,4bd1e50c-c65e-432c-8163-39ce1e3b09bf,45334000,Не выбран,,,,Многоквартирный,,,,-,-,-,,,,,,c8baa4d7-c007-4ebb-adea-7c5d52b4801c,,,37.574743,55.79080090000001,27,POINT (37.574743 55.79080090000001)
"125040, Москва г, ул. Новая Башиловка, д. 10",0e59833c-1977-4949-9a5f-1556bc89fabf,0e59833c-1977-4949-9a5f-1556bc89fabf,45334000,УО,5067746794231.0,771401001.0,"ОБЩЕСТВО С ОГРАНИЧЕННОЙ ОТВЕТСТВЕННОСТЬЮ УПРАВЛЯЮЩАЯ КОМПАНИЯ ДИРЕКЦИЯ ЭКСПЛУАТАЦИИ ЗДАНИЙ ""БЕГОВАЯ""",Многоквартирный,Исправный,5688.8,4795.4,-,-,-,,,,,77:09:0004020:1008,5f26a5ab-3f9b-4062-8926-ac9d2243b817,,,37.5709069,55.7882632,27,POINT (37.5709069 55.7882632)
"125040, Москва г, ул. Новая Башиловка, д. 12",b19a7b36-caae-4d40-94e6-1f90503ce271,b19a7b36-caae-4d40-94e6-1f90503ce271,45334000,УО,5067746794231.0,771401001.0,"ОБЩЕСТВО С ОГРАНИЧЕННОЙ ОТВЕТСТВЕННОСТЬЮ УПРАВЛЯЮЩАЯ КОМПАНИЯ ДИРЕКЦИЯ ЭКСПЛУАТАЦИИ ЗДАНИЙ ""БЕГОВАЯ""",Многоквартирный,Исправный,3363.3,2668.9,-,-,-,,,,,77:09:0004020:1009,1d8fdec5-3654-496d-b584-6a631a508653,,,37.5707508,55.7886025,27,POINT (37.5707508 55.7886025)
"125040, Москва г, ул. Новая Башиловка, д. 14",ffe1bac3-f2e1-4dae-9a23-87590284e0da,ffe1bac3-f2e1-4dae-9a23-87590284e0da,45334000,УО,5067746794231.0,771401001.0,"ОБЩЕСТВО С ОГРАНИЧЕННОЙ ОТВЕТСТВЕННОСТЬЮ УПРАВЛЯЮЩАЯ КОМПАНИЯ ДИРЕКЦИЯ ЭКСПЛУАТАЦИИ ЗДАНИЙ ""БЕГОВАЯ""",Многоквартирный,Исправный,8525.6,5546.4,-,-,-,,,,,77:09:0004020:1010,d0badf31-da06-46cd-9f45-5c0d6ccc81f5,,,37.571775,55.789406,27,POINT (37.571775 55.789406)
"125040, Москва г, ул. Новая Башиловка, д. 16",05b492a8-3393-43a2-8fef-9a5838f87deb,05b492a8-3393-43a2-8fef-9a5838f87deb,45334000,УО,5067746794231.0,771401001.0,"ОБЩЕСТВО С ОГРАНИЧЕННОЙ ОТВЕТСТВЕННОСТЬЮ УПРАВЛЯЮЩАЯ КОМПАНИЯ ДИРЕКЦИЯ ЭКСПЛУАТАЦИИ ЗДАНИЙ ""БЕГОВАЯ""",Многоквартирный,Исправный,4805.8,4285.8,-,-,-,,,,,77:09:0004020:1011,a5677192-b152-4721-8037-c9e77bc4e73b,,,37.573612,55.78975399999999,27,POINT (37.573612 55.78975399999999)
"125040, Москва г, ул. Новая Башиловка, д. 4",2aee98fa-0f00-4a5b-861c-89f58c071f80,2aee98fa-0f00-4a5b-861c-89f58c071f80,45334000,УО,5067746794231.0,771401001.0,"ОБЩЕСТВО С ОГРАНИЧЕННОЙ ОТВЕТСТВЕННОСТЬЮ УПРАВЛЯЮЩАЯ КОМПАНИЯ ДИРЕКЦИЯ ЭКСПЛУАТАЦИИ ЗДАНИЙ ""БЕГОВАЯ""",Многоквартирный,Исправный,3306.4,2676.1,-,-,-,,,,,77:09:0004020:1005,f2d56973-f17f-4f45-a772-dd91ec48c711,,,37.5683099,55.7863045,27,POINT (37.5683099 55.7863045)
"125040, Москва г, ул. Новая Башиловка, д. 6",9b9eb0de-ad5d-4ec1-a1ad-e88d1812b79b,9b9eb0de-ad5d-4ec1-a1ad-e88d1812b79b,45334000,УО,5067746794231.0,771401001.0,"ОБЩЕСТВО С ОГРАНИЧЕННОЙ ОТВЕТСТВЕННОСТЬЮ УПРАВЛЯЮЩАЯ КОМПАНИЯ ДИРЕКЦИЯ ЭКСПЛУАТАЦИИ ЗДАНИЙ ""БЕГОВАЯ""",Многоквартирный,Исправный,6203.0,4403,-,-,-,,,,,77:09:0004020:1006,05c61709-f5cf-4f20-8e8e-b638244166f6,,,37.56964,55.7869782,27,POINT (37.56964 55.7869782)
"125040, Москва г, ул. Новая Башиловка, д. 8",6303e034-57dc-4863-bd36-dde700adb9e2,6303e034-57dc-4863-bd36-dde700adb9e2,45334000,УО,5067746794231.0,771401001.0,"ОБЩЕСТВО С ОГРАНИЧЕННОЙ ОТВЕТСТВЕННОСТЬЮ УПРАВЛЯЮЩАЯ КОМПАНИЯ ДИРЕКЦИЯ ЭКСПЛУАТАЦИИ ЗДАНИЙ ""БЕГОВАЯ""",Многоквартирный,Исправный,3332.8,2665.9,-,-,-,,,,,77:09:0004020:1007,f26fa595-e4d3-4c05-81ff-56b89bf57aad,,,37.5695605,55.7874516,27,POINT (37.5695605 55.7874516)
"125040, Москва г, ул. Расковой, д. 1",9aeb28a1-18d9-4e24-9d27-af267253c2c1,9aeb28a1-18d9-4e24-9d27-af267253c2c1,45334000,УО,5067746794231.0,771401001.0,"ОБЩЕСТВО С ОГРАНИЧЕННОЙ ОТВЕТСТВЕННОСТЬЮ УПРАВЛЯЮЩАЯ КОМПАНИЯ ДИРЕКЦИЯ ЭКСПЛУАТАЦИИ ЗДАНИЙ ""БЕГОВАЯ""",Многоквартирный,Исправный,7129.7,5878.1,-,-,-,,,,,77:09:0004020:1051,43c66437-b47a-4a7b-803d-ac9af8a68be4,,,37.5704577,55.7865213,27,POINT (37.5704577 55.7865213)
"125040, Москва г, ул. Расковой, д. 11",ac0c8b8d-0e86-40aa-af56-c4ee172623a5,ac0c8b8d-0e86-40aa-af56-c4ee172623a5,45334000,УО,5067746794231.0,771401001.0,"ОБЩЕСТВО С ОГРАНИЧЕННОЙ ОТВЕТСТВЕННОСТЬЮ УПРАВЛЯЮЩАЯ КОМПАНИЯ ДИРЕКЦИЯ ЭКСПЛУАТАЦИИ ЗДАНИЙ ""БЕГОВАЯ""",Многоквартирный,Исправный,6232.6,6228,-,-,-,,,,,77:09:0004020:1021,eb678881-387d-4a75-a630-84b62f7b8ea4,,,37.5727467,55.7891304,27,POINT (37.5727467 55.7891304)
"125040, Москва г, ул. Расковой, д. 13",496ba117-a364-4983-9d52-70d22afbdc78,496ba117-a364-4983-9d52-70d22afbdc78,45334000,Не выбран,,,,Жилой,Исправный,4055.2,,-,-,-,,,,,77:09:0004020:1023,9795eb26-f0bc-4a4a-9d81-3c078093b961,,,37.5740385,55.7891767,27,POINT (37.5740385 55.7891767)
"125040, Москва г, ул. Расковой, д. 22, корп. 1",dcd12212-6a66-4abf-b3a0-dfe1d5afcb25,dcd12212-6a66-4abf-b3a0-dfe1d5afcb25,45334000,УО,1157746528830.0,771401001.0,"ГОСУДАРСТВЕННОЕ БЮДЖЕТНОЕ УЧРЕЖДЕНИЕ ГОРОДА МОСКВЫ ""ЖИЛИЩНИК РАЙОНА БЕГОВОЙ""",Многоквартирный,Исправный,1637.9,1616,-,-,-,,,,,77:09:0004020:1031,6b29ae21-67ed-4218-b436-2a58ee789fcf,,,37.573775,55.788099,27,POINT (37.573775 55.788099)
"125040, Москва г, ул. Расковой, д. 22, корп. 2",b0f3f594-157c-4608-9b51-057361758188,b0f3f594-157c-4608-9b51-057361758188,45334000,УО,1157746528830.0,771401001.0,"ГОСУДАРСТВЕННОЕ БЮДЖЕТНОЕ УЧРЕЖДЕНИЕ ГОРОДА МОСКВЫ ""ЖИЛИЩНИК РАЙОНА БЕГОВОЙ""",Многоквартирный,Исправный,1639.9,1621,-,-,-,,,,,77:09:0004020:1032,a01ea233-7ee0-413d-be95-ffe5be5365ce,,,37.5740781,55.7883744,27,POINT (37.5740781 55.7883744)
"125040, Москва г, ул. Расковой, д. 23А",83684649-0c60-4af2-bb39-9cfc9f631420,5b078feb-e4ac-4885-b8c1-2de1850cf5da,45334000,УО,5067746794231.0,771401001.0,"ОБЩЕСТВО С ОГРАНИЧЕННОЙ ОТВЕТСТВЕННОСТЬЮ УПРАВЛЯЮЩАЯ КОМПАНИЯ ДИРЕКЦИЯ ЭКСПЛУАТАЦИИ ЗДАНИЙ ""БЕГОВАЯ""",Многоквартирный,Исправный,7087.3,6198,-,-,-,,,,,77:09:0004020:1034,c29863a4-5048-4249-8c56-1298081b7a63,,,37.574871,55.789792,27,POINT (37.574871 55.789792)
"125040, Москва г, ул. Расковой, д. 24А",31a9caa6-8752-4591-954f-b2de39e7800f,31a9caa6-8752-4591-954f-b2de39e7800f,45334000,УО,1157746528830.0,771401001.0,"ГОСУДАРСТВЕННОЕ БЮДЖЕТНОЕ УЧРЕЖДЕНИЕ ГОРОДА МОСКВЫ ""ЖИЛИЩНИК РАЙОНА БЕГОВОЙ""",Многоквартирный,Исправный,3618.3,3556,-,-,-,,,,,77:09:0004020:1035,12ea20d4-da5b-424f-b44c-6aa4e7a3b916,,,37.574637,55.788766,27,POINT (37.574637 55.788766)
"125040, Москва г, ул. Расковой, д. 25",f2d578da-7459-4204-b6db-34e3bf04ec2d,f2d578da-7459-4204-b6db-34e3bf04ec2d,45334000,УО,5067746794231.0,771401001.0,"ОБЩЕСТВО С ОГРАНИЧЕННОЙ ОТВЕТСТВЕННОСТЬЮ УПРАВЛЯЮЩАЯ КОМПАНИЯ ДИРЕКЦИЯ ЭКСПЛУАТАЦИИ ЗДАНИЙ ""БЕГОВАЯ""",Многоквартирный,Исправный,5234.6,4409,-,-,-,,,,,77:09:0004020:1036,b019a0fe-c987-4dd7-b91a-aa1ebbdd20b7,,,37.5755962,55.790577,27,POINT (37.5755962 55.790577)
"125040, Москва г, ул. Расковой, д. 26/29",c7adf07f-e064-4922-8af7-4704c4dfef37,c7adf07f-e064-4922-8af7-4704c4dfef37,45334000,УО,1157746528830.0,771401001.0,"ГОСУДАРСТВЕННОЕ БЮДЖЕТНОЕ УЧРЕЖДЕНИЕ ГОРОДА МОСКВЫ ""ЖИЛИЩНИК РАЙОНА БЕГОВОЙ""",Многоквартирный,Исправный,9119.9,8119.6,-,-,-,,,,,77:09:0004020:1050,ae765c36-dd59-46dd-8e30-a72cc267bcaa,,,37.576031,55.7886673,27,POINT (37.576031 55.7886673)
"125040, Москва г, ул. Расковой, д. 3",b49a6cbc-46c1-4fbb-887d-0314d9fee601,b49a6cbc-46c1-4fbb-887d-0314d9fee601,45334000,УО,5067746794231.0,771401001.0,"ОБЩЕСТВО С ОГРАНИЧЕННОЙ ОТВЕТСТВЕННОСТЬЮ УПРАВЛЯЮЩАЯ КОМПАНИЯ ДИРЕКЦИЯ ЭКСПЛУАТАЦИИ ЗДАНИЙ ""БЕГОВАЯ""",Многоквартирный,Исправный,3531.4,3531,-,-,-,,,,,77:09:0004020:1015,f87d430b-b547-40d9-a46e-03e8148f59ca,,,37.571147,55.78746899999999,27,POINT (37.571147 55.78746899999999)
"125040, Москва г, ул. Расковой, д. 30",d7bed422-5610-4a9d-91aa-050e9d48c9ef,d7bed422-5610-4a9d-91aa-050e9d48c9ef,45334000,УО,5067746794231.0,771401001.0,"ОБЩЕСТВО С ОГРАНИЧЕННОЙ ОТВЕТСТВЕННОСТЬЮ УПРАВЛЯЮЩАЯ КОМПАНИЯ ДИРЕКЦИЯ ЭКСПЛУАТАЦИИ ЗДАНИЙ ""БЕГОВАЯ""",Многоквартирный,Исправный,7227.2,5980,-,-,-,,,,,77:09:0004020:1037,f0444a63-b491-40a4-ac33-4f120b6328b0,,,37.575615,55.7896716,27,POINT (37.575615 55.7896716)
"125040, Москва г, ул. Расковой, д. 33, корп. 1",1c96af92-c02d-43f5-baf1-aa47db76ed07,1c96af92-c02d-43f5-baf1-aa47db76ed07,45334000,УО,1157746528830.0,771401001.0,"ГОСУДАРСТВЕННОЕ БЮДЖЕТНОЕ УЧРЕЖДЕНИЕ ГОРОДА МОСКВЫ ""ЖИЛИЩНИК РАЙОНА БЕГОВОЙ""",Многоквартирный,Исправный,1621.8,1533,-,-,-,,,,,77:09:0004020:1038,d4bdd9b9-78c2-499b-8ce6-ca9756598199,,,37.576231,55.79081499999999,27,POINT (37.576231 55.79081499999999)
"125040, Москва г, ул. Расковой, д. 33, корп. 2",0a07d67b-bbb2-417e-99a3-f7d1e6869990,0a07d67b-bbb2-417e-99a3-f7d1e6869990,45334000,УО,1157746528830.0,771401001.0,"ГОСУДАРСТВЕННОЕ БЮДЖЕТНОЕ УЧРЕЖДЕНИЕ ГОРОДА МОСКВЫ ""ЖИЛИЩНИК РАЙОНА БЕГОВОЙ""",Многоквартирный,Исправный,1823.4,1589,-,-,-,,,,,77:09:0004020:1039,dc3e0afb-8e13-4bbe-972b-17fc866824a9,,,37.576216,55.79110499999999,27,POINT (37.576216 55.79110499999999)
"125040, Москва г, ул. Расковой, д. 5",a908a2c1-264d-4b4e-9ed9-614498fb285e,a908a2c1-264d-4b4e-9ed9-614498fb285e,45334000,УО,1157746528830.0,771401001.0,"ГОСУДАРСТВЕННОЕ БЮДЖЕТНОЕ УЧРЕЖДЕНИЕ ГОРОДА МОСКВЫ ""ЖИЛИЩНИК РАЙОНА БЕГОВОЙ""",Многоквартирный,Исправный,3545.9,3527,-,-,-,,,,,77:09:0004020:1016,0c17bb1c-af4c-48ca-901a-a7a9cd85a172,,,37.5714803,55.787753,27,POINT (37.5714803 55.787753)
"125040, Москва г, ул. Расковой, д. 7",b40283bc-7ced-4bdf-9f19-15f2cc454e55,b40283bc-7ced-4bdf-9f19-15f2cc454e55,45334000,УО,5067746794231.0,771401001.0,"ОБЩЕСТВО С ОГРАНИЧЕННОЙ ОТВЕТСТВЕННОСТЬЮ УПРАВЛЯЮЩАЯ КОМПАНИЯ ДИРЕКЦИЯ ЭКСПЛУАТАЦИИ ЗДАНИЙ ""БЕГОВАЯ""",Многоквартирный,Исправный,3526.5,3526.5,-,-,-,,,,,77:09:0004020:1017,64342184-4fdc-4ced-8eb1-d3b9fa3f45d7,,,37.5720088,55.7880724,27,POINT (37.5720088 55.7880724)
"125040, Москва г, ул. Расковой, д. 9",eb2be1fc-2e52-43dc-8aa8-f63fd26081d8,eb2be1fc-2e52-43dc-8aa8-f63fd26081d8,45334000,УО,5067746794231.0,771401001.0,"ОБЩЕСТВО С ОГРАНИЧЕННОЙ ОТВЕТСТВЕННОСТЬЮ УПРАВЛЯЮЩАЯ КОМПАНИЯ ДИРЕКЦИЯ ЭКСПЛУАТАЦИИ ЗДАНИЙ ""БЕГОВАЯ""",Многоквартирный,Исправный,3499.0,3499,-,-,-,,,,,77:09:0004020:1019,7d53534a-f65d-401f-b2ac-ef187375a5f0,,,37.5722828,55.7884828,27,POINT (37.5722828 55.7884828)
"125040, Москва г, ул. Скаковая, д. 13, корп. 1",3e347a84-b2b4-44fd-9502-6cf78cba0599,3e347a84-b2b4-44fd-9502-6cf78cba0599,45334000,УО,1157746528830.0,771401001.0,"ГОСУДАРСТВЕННОЕ БЮДЖЕТНОЕ УЧРЕЖДЕНИЕ ГОРОДА МОСКВЫ ""ЖИЛИЩНИК РАЙОНА БЕГОВОЙ""",Многоквартирный,Исправный,5317.9,5315,-,-,-,,,,,77:09:0005015:1056,e1ffdef8-4455-4f63-89cc-4953137016ec,,,37.571562,55.779092,27,POINT (37.571562 55.779092)
"125040, Москва г, ул. Скаковая, д. 13, корп. 2",2f9d9268-0523-4866-8abf-03c51d38f8c2,2f9d9268-0523-4866-8abf-03c51d38f8c2,45334000,УО,1157746528830.0,771401001.0,"ГОСУДАРСТВЕННОЕ БЮДЖЕТНОЕ УЧРЕЖДЕНИЕ ГОРОДА МОСКВЫ ""ЖИЛИЩНИК РАЙОНА БЕГОВОЙ""",Многоквартирный,Исправный,5264.1,5254,-,-,-,,,,,77:09:0005015:1057,92653da0-2bdc-472f-bb7e-1b78b81460ff,,,37.5718191,55.77942119999999,27,POINT (37.5718191 55.77942119999999)
"125040, Москва г, ул. Скаковая, д. 14",3886b7c9-7d46-4ea7-8781-f0acbb663ca7,3886b7c9-7d46-4ea7-8781-f0acbb663ca7,45334000,УО,1157746528830.0,771401001.0,"ГОСУДАРСТВЕННОЕ БЮДЖЕТНОЕ УЧРЕЖДЕНИЕ ГОРОДА МОСКВЫ ""ЖИЛИЩНИК РАЙОНА БЕГОВОЙ""",Многоквартирный,Исправный,2515.3,2485,-,-,-,,,,,77:09:0005015:1058,cf526673-0bc4-420a-9c47-b0d46ccd70e0,,,37.5670366,55.7817928,27,POINT (37.5670366 55.7817928)
"125040, Москва г, ул. Скаковая, д. 15, корп. 1",a69a04f0-4107-4765-be98-ec5c3b2381dc,a69a04f0-4107-4765-be98-ec5c3b2381dc,45334000,УО,1157746528830.0,771401001.0,"ГОСУДАРСТВЕННОЕ БЮДЖЕТНОЕ УЧРЕЖДЕНИЕ ГОРОДА МОСКВЫ ""ЖИЛИЩНИК РАЙОНА БЕГОВОЙ""",Многоквартирный,Исправный,4238.8,4239,-,-,-,,,,,77:09:0005015:1059,5e9dbc61-a7a9-4b3c-bc71-d4477cda1666,,,37.5726477,55.7785147,27,POINT (37.5726477 55.7785147)
"125040, Москва г, ул. Скаковая, д. 15, корп. 2",bbc1322e-b69c-4d4e-a88c-165994540f8f,bbc1322e-b69c-4d4e-a88c-165994540f8f,45334000,УО,1157746528830.0,771401001.0,"ГОСУДАРСТВЕННОЕ БЮДЖЕТНОЕ УЧРЕЖДЕНИЕ ГОРОДА МОСКВЫ ""ЖИЛИЩНИК РАЙОНА БЕГОВОЙ""",Многоквартирный,Исправный,4233.2,4233,-,-,-,,,,,77:09:0005015:1060,ac101ab8-5dae-4a9b-a794-691df2438ce9,,,37.5728052,55.77891589999999,27,POINT (37.5728052 55.77891589999999)
"125040, Москва г, ул. Скаковая, д. 18",0dcff6fe-d635-40de-9d9c-f7b6c43a8093,0dcff6fe-d635-40de-9d9c-f7b6c43a8093,45334000,УО,1157746528830.0,771401001.0,"ГОСУДАРСТВЕННОЕ БЮДЖЕТНОЕ УЧРЕЖДЕНИЕ ГОРОДА МОСКВЫ ""ЖИЛИЩНИК РАЙОНА БЕГОВОЙ""",Многоквартирный,Исправный,3144.1,3144,-,-,-,,,,,77:09:0005015:1061,9a2b7a6a-7647-40cd-a069-ebf93beac8db,,,37.5673109,55.781287,27,POINT (37.5673109 55.781287)
"125040, Москва г, ул. Скаковая, д. 18А",3446cb4e-1a3c-49c8-a9b2-791d3f7f0e1f,3446cb4e-1a3c-49c8-a9b2-791d3f7f0e1f,45334000,УО,1157746528830.0,771401001.0,"ГОСУДАРСТВЕННОЕ БЮДЖЕТНОЕ УЧРЕЖДЕНИЕ ГОРОДА МОСКВЫ ""ЖИЛИЩНИК РАЙОНА БЕГОВОЙ""",Многоквартирный,Исправный,3548.7,2589,-,-,-,,,,,77:09:0005015:1062,e04df232-20b5-47b9-9055-cb7ac4b28025,,,37.567377,55.780733,27,POINT (37.567377 55.780733)
"125040, Москва г, ул. Скаковая, д. 34, корп. 1",5221f3b0-0199-4988-8163-9cbb3ccfaf8b,5221f3b0-0199-4988-8163-9cbb3ccfaf8b,45334000,УО,1157746528830.0,771401001.0,"ГОСУДАРСТВЕННОЕ БЮДЖЕТНОЕ УЧРЕЖДЕНИЕ ГОРОДА МОСКВЫ ""ЖИЛИЩНИК РАЙОНА БЕГОВОЙ""",Многоквартирный,Исправный,2896.7,2424,-,-,-,,,,,77:09:0005015:1063,2c3be73f-4fd5-4d3b-8b3e-d65da695f595,,,37.5727721,55.7773774,27,POINT (37.5727721 55.7773774)
"125040, Москва г, ул. Скаковая, д. 34, корп. 2",7448b745-0c4a-4982-89dc-fa03e3b5c125,7448b745-0c4a-4982-89dc-fa03e3b5c125,45334000,УО,1157746528830.0,771401001.0,"ГОСУДАРСТВЕННОЕ БЮДЖЕТНОЕ УЧРЕЖДЕНИЕ ГОРОДА МОСКВЫ ""ЖИЛИЩНИК РАЙОНА БЕГОВОЙ""",Многоквартирный,Исправный,2869.7,2444,-,-,-,,,,,77:09:0005015:1064,12528c9c-8d1f-4653-9e69-a8215532c804,,,37.5721124,55.7778844,27,POINT (37.5721124 55.7778844)
"125040, Москва г, ул. Скаковая, д. 34, корп. 3",c170659d-37f8-438e-bd8d-8f7942c18a70,c170659d-37f8-438e-bd8d-8f7942c18a70,45334000,УО,1157746528830.0,771401001.0,"ГОСУДАРСТВЕННОЕ БЮДЖЕТНОЕ УЧРЕЖДЕНИЕ ГОРОДА МОСКВЫ ""ЖИЛИЩНИК РАЙОНА БЕГОВОЙ""",Многоквартирный,Исправный,5321.9,5157,-,-,-,,,,,77:09:0005015:1065,fa807c0e-6c85-4414-9bf2-177489ce71e1,,,37.5714204,55.7773765,27,POINT (37.5714204 55.7773765)
"125040, Москва г, ул. Скаковая, д. 34, корп. 4",9a11cbb1-c2cb-4dc1-a11e-4fb4b16c14df,9a11cbb1-c2cb-4dc1-a11e-4fb4b16c14df,45334000,ЖК,1037739120704.0,771401001.0,"ЖИЛИЩНО-СТРОИТЕЛЬНЫЙ КООПЕРАТИВ ""ГИППОКРАТ""",Многоквартирный,Исправный,5353.3,5156.9,-,-,-,,,,,77:09:0005015:1066,f2a88241-b489-439b-b010-2c136630eb0e,,,37.571162,55.777108,27,POINT (37.571162 55.777108)
"125040, Москва г, ул. Скаковая, д. 4, корп. 1",d2e3cfa7-35a6-412b-89b2-e3dff017fbcb,d2e3cfa7-35a6-412b-89b2-e3dff017fbcb,45334000,УО,1157746528830.0,771401001.0,"ГОСУДАРСТВЕННОЕ БЮДЖЕТНОЕ УЧРЕЖДЕНИЕ ГОРОДА МОСКВЫ ""ЖИЛИЩНИК РАЙОНА БЕГОВОЙ""",Многоквартирный,Исправный,1949.3,1589,-,-,-,,,,,77:09:0005015:1052,677d02ee-b3f4-4248-a1d0-7d6e6d6e7204,,,37.566252,55.782597,27,POINT (37.566252 55.782597)
"125040, Москва г, ул. Скаковая, д. 4, корп. 2",4846aaa1-b8c0-4934-9b5e-f9b3328ec610,4846aaa1-b8c0-4934-9b5e-f9b3328ec610,45334000,УО,1157746528830.0,771401001.0,"ГОСУДАРСТВЕННОЕ БЮДЖЕТНОЕ УЧРЕЖДЕНИЕ ГОРОДА МОСКВЫ ""ЖИЛИЩНИК РАЙОНА БЕГОВОЙ""",Многоквартирный,Исправный,2523.5,2523.5,-,-,-,,,,,77:09:0005015:1053,d30a2e50-f2a8-4acd-b396-b9cb191d4a7a,,,37.566409,55.782232,27,POINT (37.566409 55.782232)
"125040, Москва г, ул. Скаковая, д. 5",fda7cfde-b1a8-4082-a89f-a17ec4dc515c,5961d619-5250-4488-860c-3658c5da7e2b,45334000,ТСЖ,1057746707171.0,771401001.0,"ТОВАРИЩЕСТВО СОБСТВЕННИКОВ НЕДВИЖИМОСТИ ""СКАКОВАЯ 5""",Многоквартирный,Исправный,21162.0,19920,-,-,-,,,,,77:09:0005015:1082,06a21072-9788-4efe-8218-4381e28e23f6,,,37.5675447,55.7822354,27,POINT (37.5675447 55.7822354)
"125040, Москва г, ул. Скаковая, д. 7/21А",94262a50-3e35-4592-973c-ae4cecf3bbba,94262a50-3e35-4592-973c-ae4cecf3bbba,45334000,УО,1157746528830.0,771401001.0,"ГОСУДАРСТВЕННОЕ БЮДЖЕТНОЕ УЧРЕЖДЕНИЕ ГОРОДА МОСКВЫ ""ЖИЛИЩНИК РАЙОНА БЕГОВОЙ""",Многоквартирный,Исправный,2148.9,2145,-,-,-,,,,,77:09:0005015:1054,df7e2a68-2995-4265-b856-ad141fa440bc,,,37.568098,55.781844,27,POINT (37.568098 55.781844)
"125040, Москва г, ул. Скаковая, д. 9",fc3fbfcf-5b74-4280-ba40-e044d6ee09cf,fc3fbfcf-5b74-4280-ba40-e044d6ee09cf,45334000,Не выбран,,,,Многоквартирный,,,,-,-,-,,,,,,71107e30-cb8c-46cd-96a9-0bd319a71bdb,,,37.5685996,55.78136079999999,27,POINT (37.5685996 55.78136079999999)
"125124, Москва г, пер. Расковой, д. 17",583b7bfd-3726-48ff-970c-af368c37e821,5b9ba07d-9a5f-43db-8bfe-bf20bf3f7a4f,45334000,УО,1157746528830.0,771401001.0,"ГОСУДАРСТВЕННОЕ БЮДЖЕТНОЕ УЧРЕЖДЕНИЕ ГОРОДА МОСКВЫ ""ЖИЛИЩНИК РАЙОНА БЕГОВОЙ""",Многоквартирный,Исправный,2592.3,2592,-,-,-,,,,,77:09:0004020:1040,e6162e74-c70c-4540-bd27-7a172dab87ec,,,37.5745372,55.7854392,27,POINT (37.5745372 55.7854392)
"125124, Москва г, пер. Расковой, д. 19",8398f626-b793-49d3-8b4f-f6012f2696aa,f197ee1e-0d24-40a1-a341-1b227accb274,45334000,УО,1157746528830.0,771401001.0,"ГОСУДАРСТВЕННОЕ БЮДЖЕТНОЕ УЧРЕЖДЕНИЕ ГОРОДА МОСКВЫ ""ЖИЛИЩНИК РАЙОНА БЕГОВОЙ""",Многоквартирный,Исправный,3027.8,2573,-,-,-,,,,,77:09:0004020:1030,844d4dc0-1a8b-4d48-b431-3f57edf3a446,,,37.5741056,55.7857891,27,POINT (37.5741056 55.7857891)
"125124, Москва г, пер. Расковой, д. 24",5eef1441-6837-44c7-a9d4-88a8d5e5b8f1,5204fae6-371a-4238-a3da-afd6c8b8a75d,45334000,УО,1157746528830.0,771401001.0,"ГОСУДАРСТВЕННОЕ БЮДЖЕТНОЕ УЧРЕЖДЕНИЕ ГОРОДА МОСКВЫ ""ЖИЛИЩНИК РАЙОНА БЕГОВОЙ""",Многоквартирный,Исправный,4024.6,3480.6,-,-,-,,,,,77:09:0004020:1029,941e5e08-dd39-4b53-8669-accc1eed57d8,,,37.573836,55.78625899999999,27,POINT (37.573836 55.78625899999999)
"125124, Москва г, ул. 1-я Ямского Поля, д. 24",852809a5-f58e-4db4-b436-88feb0c0cc5e,c1b38b66-83e3-41e2-b843-2765a0a0fdf1,45334000,УО,1157746528830.0,771401001.0,"ГОСУДАРСТВЕННОЕ БЮДЖЕТНОЕ УЧРЕЖДЕНИЕ ГОРОДА МОСКВЫ ""ЖИЛИЩНИК РАЙОНА БЕГОВОЙ""",Многоквартирный,Исправный,10797.8,8460,-,-,-,,,,,77:09:0004021:1030,6b744b55-6d5c-4dec-80d8-934d7887212c,,,37.5844531,55.7818875,27,POINT (37.5844531 55.7818875)
"125124, Москва г, ул. 3-я Ямского Поля, д. 17",b126c6bc-ee0a-47d2-9bb6-743b692f1085,7193ffcf-2f57-4ba0-957e-4ec9b7f8346b,45334000,УО,1157746528830.0,771401001.0,"ГОСУДАРСТВЕННОЕ БЮДЖЕТНОЕ УЧРЕЖДЕНИЕ ГОРОДА МОСКВЫ ""ЖИЛИЩНИК РАЙОНА БЕГОВОЙ""",Многоквартирный,Исправный,5489.4,5451,-,-,-,,,,,77:09:0004021:1032,afe471ff-1fa4-4415-8cdd-606aad3ad503,,,37.5779953,55.78306629999999,27,POINT (37.5779953 55.78306629999999)
"125124, Москва г, ул. 5-я Ямского Поля, д. 23, корп. 1",94eebf27-aee3-491d-9691-860e67f9aee1,94eebf27-aee3-491d-9691-860e67f9aee1,45334000,УО,1157746528830.0,771401001.0,"ГОСУДАРСТВЕННОЕ БЮДЖЕТНОЕ УЧРЕЖДЕНИЕ ГОРОДА МОСКВЫ ""ЖИЛИЩНИК РАЙОНА БЕГОВОЙ""",Многоквартирный,Исправный,3632.8,2730,-,-,-,,,,,77:09:0004020:1064,539ca1dd-ace3-4931-89c6-06f979c7c43c,,,37.577429,55.788138,27,POINT (37.577429 55.788138)
"125124, Москва г, ул. 5-я Ямского Поля, д. 23, корп. 2",1c726b87-ce2a-44a6-b0b3-a52eeffecad9,1c726b87-ce2a-44a6-b0b3-a52eeffecad9,45334000,УО,1157746528830.0,771401001.0,"ГОСУДАРСТВЕННОЕ БЮДЖЕТНОЕ УЧРЕЖДЕНИЕ ГОРОДА МОСКВЫ ""ЖИЛИЩНИК РАЙОНА БЕГОВОЙ""",Многоквартирный,Исправный,4717.1,3910,-,-,-,,,,,77:09:0004020:1065,21b80552-7e5e-4c05-bb17-4b9233a8cac1,,,37.577204,55.787555,27,POINT (37.577204 55.787555)
"125124, Москва г, ул. 5-я Ямского Поля, д. 27",51d0304e-83bd-40c6-b5c5-0c091c9a728e,cbaec2fc-022a-4a83-8967-44b2718dd617,45334000,УО,1157746528830.0,771401001.0,"ГОСУДАРСТВЕННОЕ БЮДЖЕТНОЕ УЧРЕЖДЕНИЕ ГОРОДА МОСКВЫ ""ЖИЛИЩНИК РАЙОНА БЕГОВОЙ""",Многоквартирный,Исправный,5281.0,4989.2,-,-,-,,,,,77:09:0004020:1066,03d0e635-82ca-450e-9ad3-12cbe3628812,,,37.5764463,55.78838769999999,27,POINT (37.5764463 55.78838769999999)
"125124, Москва г, ул. Правды, д. 1",7a35b1d2-be62-4c09-b6db-3306a67c8e89,ec4975e0-c00a-46c6-856f-325a01a57caf,45334000,УО,1157746528830.0,771401001.0,"ГОСУДАРСТВЕННОЕ БЮДЖЕТНОЕ УЧРЕЖДЕНИЕ ГОРОДА МОСКВЫ ""ЖИЛИЩНИК РАЙОНА БЕГОВОЙ""",Многоквартирный,Исправный,5947.3,4819,-,-,-,,,,,77:09:0004020:1042,d747ffd4-d985-4b15-9fe9-696edc65d0d1,,,37.57437640000001,55.7826496,27,POINT (37.57437640000001 55.7826496)
"125124, Москва г, ул. Правды, д. 11",e07cc742-a901-4ecc-a076-36abfabfa34e,f8de184c-b704-4f9a-8caa-ea073a11041f,45334000,УО,1157746528830.0,771401001.0,"ГОСУДАРСТВЕННОЕ БЮДЖЕТНОЕ УЧРЕЖДЕНИЕ ГОРОДА МОСКВЫ ""ЖИЛИЩНИК РАЙОНА БЕГОВОЙ""",Многоквартирный,Исправный,14726.1,11678.8,-,-,-,,,,,77:09:0004020:1047,49773543-d08d-4113-a9b5-d16b0f4050d0,,,37.5780307,55.7857147,27,POINT (37.5780307 55.7857147)
"125124, Москва г, ул. Правды, д. 1/2",36cf71b3-1190-42ae-88ff-071ef1fcfadc,b762be37-fe65-4dc6-9bc2-61be5374ba94,45334000,УО,1157746528830.0,771401001.0,"ГОСУДАРСТВЕННОЕ БЮДЖЕТНОЕ УЧРЕЖДЕНИЕ ГОРОДА МОСКВЫ ""ЖИЛИЩНИК РАЙОНА БЕГОВОЙ""",Многоквартирный,Исправный,11442.2,9793,-,-,-,,,,,77:09:0004020:1041,9fc28692-02ca-44f6-836f-a992a757eb18,,,37.572632,55.785309,27,POINT (37.572632 55.785309)
"125124, Москва г, ул. Правды, д. 17/19",d1b3d6a9-e0b2-4471-bb25-16c951dd9103,ae39051b-3c60-436c-b282-1354fc04af79,45334000,УО,1157746528830.0,771401001.0,"ГОСУДАРСТВЕННОЕ БЮДЖЕТНОЕ УЧРЕЖДЕНИЕ ГОРОДА МОСКВЫ ""ЖИЛИЩНИК РАЙОНА БЕГОВОЙ""",Многоквартирный,Исправный,6779.9,5741,-,-,-,,,,,77:09:0004020:1048,dc80ecfd-d896-4753-beb6-b3471358b747,,,37.579441,55.786993,27,POINT (37.579441 55.786993)
"125124, Москва г, ул. Правды, д. 2А",34e44532-c4fc-499c-aa33-920de288f0ea,359fcb04-8bd1-4aa1-94ab-eabfee59066a,45334000,УО,1157746528830.0,771401001.0,"ГОСУДАРСТВЕННОЕ БЮДЖЕТНОЕ УЧРЕЖДЕНИЕ ГОРОДА МОСКВЫ ""ЖИЛИЩНИК РАЙОНА БЕГОВОЙ""",Многоквартирный,Исправный,6051.4,4959.6,-,-,-,,,,,77:09:0004021:1019,2007120e-0faf-44e2-8758-69a224780e93,,,37.5718507,55.786761,27,POINT (37.5718507 55.786761)
"125124, Москва г, ул. Правды, д. 3/1",da854fa1-5fdb-4c2b-a6d0-67d5563114d9,18dbf1e3-117b-4e3b-99fe-ceb00f2cd63a,45334000,УО,1157746528830.0,771401001.0,"ГОСУДАРСТВЕННОЕ БЮДЖЕТНОЕ УЧРЕЖДЕНИЕ ГОРОДА МОСКВЫ ""ЖИЛИЩНИК РАЙОНА БЕГОВОЙ""",Многоквартирный,Исправный,9411.7,8343,-,-,-,,,,,77:09:0004020:1043,0b0b1b05-c928-4fdf-8fea-c7164f9ddc9c,,,37.576431,55.78408599999999,27,POINT (37.576431 55.78408599999999)
"125124, Москва г, ул. Правды, д. 33, строение 3",86357e03-98b6-4e25-a46f-91debf709ee7,283a0261-0c09-4668-9b8d-d5f021077b43,45334000,УО,1157746528830.0,771401001.0,"ГОСУДАРСТВЕННОЕ БЮДЖЕТНОЕ УЧРЕЖДЕНИЕ ГОРОДА МОСКВЫ ""ЖИЛИЩНИК РАЙОНА БЕГОВОЙ""",Многоквартирный,Исправный,1196.7,2415,-,-,-,,,,,77:09:0004020:1122,fe3a8a46-8f76-44bf-ac63-b90fa13ae1b0,,,37.5826614,55.79006039999999,27,POINT (37.5826614 55.79006039999999)
"125124, Москва г, ул. Правды, д. 4",11773ee8-d455-4884-86d8-36dd72a66545,341d2df5-e105-4d2b-b6e8-e10272c638bd,45334000,УО,1157746528830.0,771401001.0,"ГОСУДАРСТВЕННОЕ БЮДЖЕТНОЕ УЧРЕЖДЕНИЕ ГОРОДА МОСКВЫ ""ЖИЛИЩНИК РАЙОНА БЕГОВОЙ""",Многоквартирный,Исправный,7128.4,5598.1,-,-,-,,,,,77:09:0004021:1020,9f31ad69-ed28-4cf6-b1e9-16c3e513a718,,,37.5763583,55.78321529999999,27,POINT (37.5763583 55.78321529999999)
"125124, Москва г, ул. Правды, д. 5",81f328a1-410d-47bf-8696-49f32748df50,ebc485fa-3e9e-4d8c-9b85-bf5d58359513,45334000,УО,1157746528830.0,771401001.0,"ГОСУДАРСТВЕННОЕ БЮДЖЕТНОЕ УЧРЕЖДЕНИЕ ГОРОДА МОСКВЫ ""ЖИЛИЩНИК РАЙОНА БЕГОВОЙ""",Многоквартирный,Исправный,5293.8,5136.8,-,-,-,,,,,77:09:0004020:1044,07f24c44-fb94-4114-a5ea-066275bf4454,,,37.574925,55.784277,27,POINT (37.574925 55.784277)
"125124, Москва г, ул. Правды, д. 6/34",e08a9319-59f8-4b6b-8002-b5d24d46d296,4d2d5898-ca5c-4b7f-981c-ef42723a9dcd,45334000,УО,1157746528830.0,771401001.0,"ГОСУДАРСТВЕННОЕ БЮДЖЕТНОЕ УЧРЕЖДЕНИЕ ГОРОДА МОСКВЫ ""ЖИЛИЩНИК РАЙОНА БЕГОВОЙ""",Многоквартирный,Исправный,7128.9,5785.8,-,-,-,,,,,77:09:0004021:1021,77e549fd-0eaa-46b9-b344-0dcbc8b661d7,,,37.578276,55.7835066,27,POINT (37.578276 55.7835066)
"125124, Москва г, ул. Правды, д. 7/9",594f312b-3220-45d1-8034-418297254a0f,15b8a002-b1cf-44aa-985f-cc03f32bc0d9,45334000,УО,1157746528830.0,771401001.0,"ГОСУДАРСТВЕННОЕ БЮДЖЕТНОЕ УЧРЕЖДЕНИЕ ГОРОДА МОСКВЫ ""ЖИЛИЩНИК РАЙОНА БЕГОВОЙ""",Многоквартирный,Исправный,15948.1,14445,-,-,-,,,,,77:09:0004020:1046,c5b06196-42b9-405e-acae-485007e30c9c,,,37.5776548,55.7850457,27,POINT (37.5776548 55.7850457)
"125124, Москва г, ул. Правды, д. 7/9, корп. 1",539f023d-4863-4ab0-aa34-6f34329a6d1d,539f023d-4863-4ab0-aa34-6f34329a6d1d,45334000,УО,1157746528830.0,771401001.0,"ГОСУДАРСТВЕННОЕ БЮДЖЕТНОЕ УЧРЕЖДЕНИЕ ГОРОДА МОСКВЫ ""ЖИЛИЩНИК РАЙОНА БЕГОВОЙ""",Многоквартирный,Исправный,10239.0,7931,-,-,-,,,,,77:09:0004020:1045,4a9273fb-e67e-4c18-9b6a-31c8251298e6,,,37.576096,55.785775,27,POINT (37.576096 55.785775)
"125124, Москва г, ул. Расковой, д. 10",ab0617e5-a090-4c60-8f0f-dd0d07ff7e50,8a4bff93-a940-44cd-84ea-000a83814534,45334000,УО,1157746528830.0,771401001.0,"ГОСУДАРСТВЕННОЕ БЮДЖЕТНОЕ УЧРЕЖДЕНИЕ ГОРОДА МОСКВЫ ""ЖИЛИЩНИК РАЙОНА БЕГОВОЙ""",Многоквартирный,Исправный,1475.9,1270.4,-,-,-,,,,,77:09:0004020:1020,0d7f03ce-8178-46bb-89f4-fe108cf0642a,,,37.5710257,55.78585649999999,27,POINT (37.5710257 55.78585649999999)
"125124, Москва г, ул. Расковой, д. 12",451bd81a-374f-4308-a186-f5ba029bd15d,2b03b7af-de1a-45d4-b4a6-acf6dc6c9aaa,45334000,УО,1157746528830.0,771401001.0,"ГОСУДАРСТВЕННОЕ БЮДЖЕТНОЕ УЧРЕЖДЕНИЕ ГОРОДА МОСКВЫ ""ЖИЛИЩНИК РАЙОНА БЕГОВОЙ""",Многоквартирный,Исправный,3743.9,2728,-,-,-,,,,,77:09:0004020:1022,c946327e-6026-4fc1-9544-fc0234f27b19,,,37.5713785,55.78646750000001,27,POINT (37.5713785 55.78646750000001)
"125124, Москва г, ул. Расковой, д. 14",6765736d-fc23-47d6-a89a-85460de6df9d,d1aea249-d860-4502-92b8-f2c795312de8,45334000,УО,1157746528830.0,771401001.0,"ГОСУДАРСТВЕННОЕ БЮДЖЕТНОЕ УЧРЕЖДЕНИЕ ГОРОДА МОСКВЫ ""ЖИЛИЩНИК РАЙОНА БЕГОВОЙ""",Многоквартирный,Исправный,8219.7,5894,-,-,-,,,,,77:09:0004020:1024,85340c08-a261-4919-8e11-0e1c44fd573e,,,37.5717657,55.7867972,27,POINT (37.5717657 55.7867972)
"125124, Москва г, ул. Расковой, д. 16",65128c7a-bc7b-404b-bd61-f36e9d2d8923,e0abcade-2207-4dc7-9ce8-1b09f752e6d5,45334000,УО,1157746528830.0,771401001.0,"ГОСУДАРСТВЕННОЕ БЮДЖЕТНОЕ УЧРЕЖДЕНИЕ ГОРОДА МОСКВЫ ""ЖИЛИЩНИК РАЙОНА БЕГОВОЙ""",Многоквартирный,Исправный,3959.2,2864,-,-,-,,,,,77:09:0004020:1026,cc9aa613-ff01-4d9f-969d-6633d42125b9,,,37.5733905,55.7864596,27,POINT (37.5733905 55.7864596)
"125124, Москва г, ул. Расковой, д. 16/26, корп. 1",00e70069-b3a2-4dcc-bcf0-60a44fc11c8a,3e01f3e9-3f34-4dc8-9943-f8db25f967bb,45334000,УО,1157746528830.0,771401001.0,"ГОСУДАРСТВЕННОЕ БЮДЖЕТНОЕ УЧРЕЖДЕНИЕ ГОРОДА МОСКВЫ ""ЖИЛИЩНИК РАЙОНА БЕГОВОЙ""",Многоквартирный,Исправный,4392.1,4202,-,-,-,,,,,77:09:0004020:1025,74fa4907-da84-4199-babe-812d545f89d5,,,37.572757,55.786713,27,POINT (37.572757 55.786713)
"125124, Москва г, ул. Расковой, д. 16/26, корп. 2",5b90efd3-bc15-4f4c-9dd0-d1945e46200a,8beb5bc5-c380-446a-96f0-797f7615433e,45334000,УО,1157746528830.0,771401001.0,"ГОСУДАРСТВЕННОЕ БЮДЖЕТНОЕ УЧРЕЖДЕНИЕ ГОРОДА МОСКВЫ ""ЖИЛИЩНИК РАЙОНА БЕГОВОЙ""",Многоквартирный,Исправный,5047.0,3377,-,-,-,,,,,77:09:0004020:1027,81b94b7e-c372-4f9a-9107-b13c7a1b9a7a,,,37.574705,55.786916,27,POINT (37.574705 55.786916)
"125124, Москва г, ул. Расковой, д. 16/26, корп. 3",c0e14dc2-3d47-40c8-9a60-2837e3e98a01,aeb384e8-a285-4b1c-82f0-5bc51cca826c,45334000,УО,1157746528830.0,771401001.0,"ГОСУДАРСТВЕННОЕ БЮДЖЕТНОЕ УЧРЕЖДЕНИЕ ГОРОДА МОСКВЫ ""ЖИЛИЩНИК РАЙОНА БЕГОВОЙ""",Многоквартирный,Исправный,4763.8,3329,-,-,-,,,,,77:09:0004020:1028,946a08b3-4d53-490c-9855-73bccfa51be2,,,37.576124,55.787214,27,POINT (37.576124 55.787214)
"125124, Москва г, ул. Расковой, д. 22А",0653bb3f-cb99-4abe-8fa0-84e41deb5340,9b3bb971-d82a-4db3-9d11-e12b04c601fc,45334000,УО,1157746528830.0,771401001.0,"ГОСУДАРСТВЕННОЕ БЮДЖЕТНОЕ УЧРЕЖДЕНИЕ ГОРОДА МОСКВЫ ""ЖИЛИЩНИК РАЙОНА БЕГОВОЙ""",Многоквартирный,Исправный,2843.7,2683.4,-,-,-,,,,,77:09:0004020:1033,34a11c9c-d885-471d-8a21-d952c5c63d01,,,37.5748218,55.7876,27,POINT (37.5748218 55.7876)
"125124, Москва г, ул. Расковой, д. 8",a8fd7bce-9d4c-4986-8012-e31ebfc9c655,ab5a0367-bb0e-4f5a-8a60-5b3e96078bcf,45334000,УО,1157746528830.0,771401001.0,"ГОСУДАРСТВЕННОЕ БЮДЖЕТНОЕ УЧРЕЖДЕНИЕ ГОРОДА МОСКВЫ ""ЖИЛИЩНИК РАЙОНА БЕГОВОЙ""",Многоквартирный,Исправный,3552.4,2934,-,-,-,,,,,77:09:0004020:1018,705c34a0-ed2d-4ca0-b6e1-c0be24594257,,,37.5707659,55.7859749,27,POINT (37.5707659 55.7859749)
"125284, Москва г, аллея. Беговая, д. 5, корп. 1",71dc0427-5e10-43f6-9785-36618fd92c3c,71dc0427-5e10-43f6-9785-36618fd92c3c,45334000,УО,1157746528830.0,771401001.0,"ГОСУДАРСТВЕННОЕ БЮДЖЕТНОЕ УЧРЕЖДЕНИЕ ГОРОДА МОСКВЫ ""ЖИЛИЩНИК РАЙОНА БЕГОВОЙ""",Многоквартирный,Исправный,3714.0,3076,-,-,-,,,,,77:09:0005015:1009,a93a9962-ad75-4264-a2b3-80f929d4ccbf,,,37.5633857,55.7822761,27,POINT (37.5633857 55.7822761)
"125284, Москва г, аллея. Беговая, д. 5, корп. 2",b3d14210-cbbe-4985-bad0-ee8f681b290d,b3d14210-cbbe-4985-bad0-ee8f681b290d,45334000,УО,1157746528830.0,771401001.0,"ГОСУДАРСТВЕННОЕ БЮДЖЕТНОЕ УЧРЕЖДЕНИЕ ГОРОДА МОСКВЫ ""ЖИЛИЩНИК РАЙОНА БЕГОВОЙ""",Многоквартирный,Исправный,3699.3,3182,-,-,-,,,,,77:09:0005015:1010,9ef51088-95bd-4736-a7c2-1309fdf2502c,,,37.5641981,55.7820963,27,POINT (37.5641981 55.7820963)
"125284, Москва г, аллея. Беговая, д. 5, корп. 3",68402147-4fe6-4d15-93ed-70be09be92a7,68402147-4fe6-4d15-93ed-70be09be92a7,45334000,УО,1157746528830.0,771401001.0,"ГОСУДАРСТВЕННОЕ БЮДЖЕТНОЕ УЧРЕЖДЕНИЕ ГОРОДА МОСКВЫ ""ЖИЛИЩНИК РАЙОНА БЕГОВОЙ""",Многоквартирный,Исправный,3296.7,3123,-,-,-,,,,,77:09:0005015:1011,943bd6cc-6405-422b-b5c4-47ff3da5cfd0,,,37.565109,55.7819739,27,POINT (37.565109 55.7819739)
"125284, Москва г, аллея. Беговая, д. 7, корп. 2",03b22bb8-3864-4341-b1d7-66e5441c9f8a,03b22bb8-3864-4341-b1d7-66e5441c9f8a,45334000,УО,1157746528830.0,771401001.0,"ГОСУДАРСТВЕННОЕ БЮДЖЕТНОЕ УЧРЕЖДЕНИЕ ГОРОДА МОСКВЫ ""ЖИЛИЩНИК РАЙОНА БЕГОВОЙ""",Многоквартирный,Исправный,3107.8,2971,-,-,-,,,,,77:09:0005015:1041,4f760a41-c83a-4b5f-964e-85c2e39365e9,,,37.555401,55.778487,27,POINT (37.555401 55.778487)
"125284, Москва г, аллея. Беговая, д. 9",559a67aa-a9cd-4d06-add7-c5b00d377fb6,559a67aa-a9cd-4d06-add7-c5b00d377fb6,45334000,УО,1157746528830.0,771401001.0,"ГОСУДАРСТВЕННОЕ БЮДЖЕТНОЕ УЧРЕЖДЕНИЕ ГОРОДА МОСКВЫ ""ЖИЛИЩНИК РАЙОНА БЕГОВОЙ""",Многоквартирный,Исправный,3025.6,3026,-,-,-,,,,,77:09:0005015:1042,f1b88463-ce85-4aa2-8000-ebc30f74c593,,,37.556822,55.7787337,27,POINT (37.556822 55.7787337)
"125284, Москва г, аллея. Скаковая, д. 9",800e05b7-765b-4137-b145-4144aefb4291,800e05b7-765b-4137-b145-4144aefb4291,45334000,УО,1157746528830.0,771401001.0,"ГОСУДАРСТВЕННОЕ БЮДЖЕТНОЕ УЧРЕЖДЕНИЕ ГОРОДА МОСКВЫ ""ЖИЛИЩНИК РАЙОНА БЕГОВОЙ""",Многоквартирный,Исправный,3085.2,3020,-,-,-,,,,,77:09:0005015:1051,ca49c65e-83a0-4e10-be12-3b68b8f4f102,,,37.5685996,55.78136079999999,27,POINT (37.5685996 55.78136079999999)
"125284, Москва г, пр-кт. Ленинградский, д. 27",59941e55-257f-4b89-800f-4d4068a8e416,59941e55-257f-4b89-800f-4d4068a8e416,45334000,УО,1157746528830.0,771401001.0,"ГОСУДАРСТВЕННОЕ БЮДЖЕТНОЕ УЧРЕЖДЕНИЕ ГОРОДА МОСКВЫ ""ЖИЛИЩНИК РАЙОНА БЕГОВОЙ""",Многоквартирный,Исправный,7555.0,4822,-,-,-,,,,,77:09:0005015:1079,69f244a4-07ef-4609-afbd-cd48cf6952ba,,,37.5656636,55.7839615,27,POINT (37.5656636 55.7839615)
"125284, Москва г, пр-кт. Ленинградский, д. 29, корп. 1",323f8c8d-0650-4be5-8875-6b02cb14bbc9,b16e608a-4471-4ae7-a2fa-4364c5756256,45334000,УО,1165047060353.0,504701001.0,"ОБЩЕСТВО С ОГРАНИЧЕННОЙ ОТВЕТСТВЕННОСТЬЮ УПРАВЛЯЮЩАЯ КОМПАНИЯ ""ВЫСОТА 4884. СЕРВИС""",Многоквартирный,Исправный,70680.1,24940,нет,нет,-,,,,,77:09:0005014:5249,b90e4bb0-0726-43c4-913e-e1f1be60113b,,,37.5629534,55.7854137,27,POINT (37.5629534 55.7854137)
"125284, Москва г, пр-кт. Ленинградский, д. 29, корп. 2",936b1bcd-0e19-40a0-838d-00a9e0bd5c66,5fedf817-42cd-467f-8b0d-85ab1eebeda5,45334000,УО,1165047060353.0,504701001.0,"ОБЩЕСТВО С ОГРАНИЧЕННОЙ ОТВЕТСТВЕННОСТЬЮ УПРАВЛЯЮЩАЯ КОМПАНИЯ ""ВЫСОТА 4884. СЕРВИС""",Многоквартирный,Исправный,38892.6,28031,нет,нет,-,,,,,77:09:0005014:9283,1e282c49-0b6e-4c14-9256-37dc42229bd9,,,37.5615126,55.7856997,27,POINT (37.5615126 55.7856997)
"125284, Москва г, пр-кт. Ленинградский, д. 29, корп. 3",d9857668-69d2-4d0b-9884-a8e7402ca7e0,80d738c3-d1a0-49d1-b334-e333dfaf0aa4,45334000,УО,1165047060353.0,504701001.0,"ОБЩЕСТВО С ОГРАНИЧЕННОЙ ОТВЕТСТВЕННОСТЬЮ УПРАВЛЯЮЩАЯ КОМПАНИЯ ""ВЫСОТА 4884. СЕРВИС""",Многоквартирный,Исправный,60374.1,21840.8,нет,нет,-,,,,,77:09:0005014:4458,2a482cba-b82a-4fd8-b7f1-23ae05fb6c4e,,,37.5627041,55.7843265,27,POINT (37.5627041 55.7843265)
"125284, Москва г, пр-кт. Ленинградский, д. 29, корп. 4",71ad8ae0-dd12-4306-99fb-0d567db7ef2f,d5ee2e03-6838-40d3-b7d2-2517eea5cebd,45334000,УО,1165047060353.0,504701001.0,"ОБЩЕСТВО С ОГРАНИЧЕННОЙ ОТВЕТСТВЕННОСТЬЮ УПРАВЛЯЮЩАЯ КОМПАНИЯ ""ВЫСОТА 4884. СЕРВИС""",Многоквартирный,Исправный,45053.2,27347.2,нет,нет,-,,,,,77:09:0005014:8669,17bb6d55-6591-4da5-a20b-11482a670a59,,,37.5604779,55.7847738,27,POINT (37.5604779 55.7847738)
"125284, Москва г, пр-кт. Ленинградский, д. 33А",1c4346e1-6008-44b0-9f5a-d2ffc8dcd4f5,1c4346e1-6008-44b0-9f5a-d2ffc8dcd4f5,45334000,УО,1157746528830.0,771401001.0,"ГОСУДАРСТВЕННОЕ БЮДЖЕТНОЕ УЧРЕЖДЕНИЕ ГОРОДА МОСКВЫ ""ЖИЛИЩНИК РАЙОНА БЕГОВОЙ""",Многоквартирный,Исправный,19774.8,16266,-,-,-,,,,,77:09:0005008:1045,4759eb03-ef72-4050-9b0f-e4ddbe8ce501,,,37.5564806,55.7884273,27,POINT (37.5564806 55.7884273)
"125284, Москва г, пр-кт. Ленинградский, д. 33, корп. 1",f173649f-efe3-4099-a571-80592bf8ba6d,f173649f-efe3-4099-a571-80592bf8ba6d,45334000,УО,5067746794231.0,771401001.0,"ОБЩЕСТВО С ОГРАНИЧЕННОЙ ОТВЕТСТВЕННОСТЬЮ УПРАВЛЯЮЩАЯ КОМПАНИЯ ДИРЕКЦИЯ ЭКСПЛУАТАЦИИ ЗДАНИЙ ""БЕГОВАЯ""",Многоквартирный,Исправный,8122.9,6485.5,-,-,-,,,,,77:09:0005014:1014,5a689fd2-cec5-4f54-ba2f-dc7d2323693f,,,37.5614079,55.7866134,27,POINT (37.5614079 55.7866134)
"125284, Москва г, пр-кт. Ленинградский, д. 33, корп. 10",dc54e3ba-7573-40ad-84cc-aebbdafb64b7,dc54e3ba-7573-40ad-84cc-aebbdafb64b7,45334000,УО,5067746794231.0,771401001.0,"ОБЩЕСТВО С ОГРАНИЧЕННОЙ ОТВЕТСТВЕННОСТЬЮ УПРАВЛЯЮЩАЯ КОМПАНИЯ ДИРЕКЦИЯ ЭКСПЛУАТАЦИИ ЗДАНИЙ ""БЕГОВАЯ""",Многоквартирный,Исправный,1112.1,1049,-,-,-,,,,,77:09:0005014:1022,f47ff6ba-a1ee-4d36-a97b-305fb9213072,,,37.559695,55.785901,27,POINT (37.559695 55.785901)
"125284, Москва г, пр-кт. Ленинградский, д. 33, корп. 3",f3e70329-6daa-4ef3-8568-b7465df117a0,f3e70329-6daa-4ef3-8568-b7465df117a0,45334000,УО,5067746794231.0,771401001.0,"ОБЩЕСТВО С ОГРАНИЧЕННОЙ ОТВЕТСТВЕННОСТЬЮ УПРАВЛЯЮЩАЯ КОМПАНИЯ ДИРЕКЦИЯ ЭКСПЛУАТАЦИИ ЗДАНИЙ ""БЕГОВАЯ""",Многоквартирный,Исправный,2903.8,2206,-,-,-,,,,,77:09:0005014:1015,5b05949c-679d-4abd-9b05-3a8b6f1c350e,,,37.5608999,55.786991,27,POINT (37.5608999 55.786991)
"125284, Москва г, пр-кт. Ленинградский, д. 33, корп. 4",0785a443-3b35-490d-9b96-44990e7f7126,0785a443-3b35-490d-9b96-44990e7f7126,45334000,УО,5067746794231.0,771401001.0,"ОБЩЕСТВО С ОГРАНИЧЕННОЙ ОТВЕТСТВЕННОСТЬЮ УПРАВЛЯЮЩАЯ КОМПАНИЯ ДИРЕКЦИЯ ЭКСПЛУАТАЦИИ ЗДАНИЙ ""БЕГОВАЯ""",Многоквартирный,Исправный,5104.7,3941,-,-,-,,,,,77:09:0005014:1016,5aea593d-1c3d-4ed5-b62f-45603c1f6ed6,,,37.559962,55.787249,27,POINT (37.559962 55.787249)
"125284, Москва г, пр-кт. Ленинградский, д. 33, корп. 5",85b4d752-56d7-4bd1-a366-c307bd76c1d7,85b4d752-56d7-4bd1-a366-c307bd76c1d7,45334000,УО,5067746794231.0,771401001.0,"ОБЩЕСТВО С ОГРАНИЧЕННОЙ ОТВЕТСТВЕННОСТЬЮ УПРАВЛЯЮЩАЯ КОМПАНИЯ ДИРЕКЦИЯ ЭКСПЛУАТАЦИИ ЗДАНИЙ ""БЕГОВАЯ""",Многоквартирный,Исправный,2949.6,2246,-,-,-,,,,,77:09:0005014:1017,06310016-7e88-4040-9550-ce2044514551,,,37.55936430000001,55.7876828,27,POINT (37.55936430000001 55.7876828)
"125284, Москва г, пр-кт. Ленинградский, д. 33, корп. 6",4a42aa23-2221-4b67-bebf-9b7e8d454f51,4a42aa23-2221-4b67-bebf-9b7e8d454f51,45334000,УО,5067746794231.0,771401001.0,"ОБЩЕСТВО С ОГРАНИЧЕННОЙ ОТВЕТСТВЕННОСТЬЮ УПРАВЛЯЮЩАЯ КОМПАНИЯ ДИРЕКЦИЯ ЭКСПЛУАТАЦИИ ЗДАНИЙ ""БЕГОВАЯ""",Многоквартирный,Исправный,4794.5,4302,-,-,-,,,,,77:09:0005014:1018,fbe62193-043b-45c6-9b57-20ff494a766c,,,37.558644,55.78753200000001,27,POINT (37.558644 55.78753200000001)
"125284, Москва г, пр-кт. Ленинградский, д. 33, корп. 7",170e9071-7e81-4282-bad3-b0e89236e802,170e9071-7e81-4282-bad3-b0e89236e802,45334000,УО,5067746794231.0,771401001.0,"ОБЩЕСТВО С ОГРАНИЧЕННОЙ ОТВЕТСТВЕННОСТЬЮ УПРАВЛЯЮЩАЯ КОМПАНИЯ ДИРЕКЦИЯ ЭКСПЛУАТАЦИИ ЗДАНИЙ ""БЕГОВАЯ""",Многоквартирный,Исправный,2550.8,2550,-,-,-,,,,,77:09:0005014:1019,f19458c4-7610-40aa-b134-27d4ae1a87a2,,,37.558651,55.786974,27,POINT (37.558651 55.786974)
"125284, Москва г, пр-кт. Ленинградский, д. 33, корп. 8",ef5df590-59b7-436d-8911-941e55e31713,ef5df590-59b7-436d-8911-941e55e31713,45334000,УО,5067746794231.0,771401001.0,"ОБЩЕСТВО С ОГРАНИЧЕННОЙ ОТВЕТСТВЕННОСТЬЮ УПРАВЛЯЮЩАЯ КОМПАНИЯ ДИРЕКЦИЯ ЭКСПЛУАТАЦИИ ЗДАНИЙ ""БЕГОВАЯ""",Многоквартирный,Исправный,2543.1,2415,-,-,-,,,,,77:09:0005014:1020,af713a40-5c93-45a8-8cf3-dcbbac7e7b04,,,37.5594729,55.786623,27,POINT (37.5594729 55.786623)
"125284, Москва г, пр-кт. Ленинградский, д. 33, корп. 9",d90fee2a-674e-42ea-a5f1-8060b436481e,d90fee2a-674e-42ea-a5f1-8060b436481e,45334000,УО,5067746794231.0,771401001.0,"ОБЩЕСТВО С ОГРАНИЧЕННОЙ ОТВЕТСТВЕННОСТЬЮ УПРАВЛЯЮЩАЯ КОМПАНИЯ ДИРЕКЦИЯ ЭКСПЛУАТАЦИИ ЗДАНИЙ ""БЕГОВАЯ""",Многоквартирный,Исправный,1897.3,1577,-,-,-,,,,,77:09:0005014:1021,dc245c61-3bef-428e-952c-9418c652872b,,,37.5584812,55.7865045,27,POINT (37.5584812 55.7865045)
"125284, Москва г, пр-кт. Ленинградский, д. 35",8b897416-8ffa-49c7-ba5d-62fde8f2c326,8b897416-8ffa-49c7-ba5d-62fde8f2c326,45334000,УО,1157746528830.0,771401001.0,"ГОСУДАРСТВЕННОЕ БЮДЖЕТНОЕ УЧРЕЖДЕНИЕ ГОРОДА МОСКВЫ ""ЖИЛИЩНИК РАЙОНА БЕГОВОЙ""",Многоквартирный,Исправный,7585.1,5848.5,-,-,-,,,,,77:09:0005008:1046,dc1e8ec9-2b09-476b-b1f7-5c2e6f79da59,,,37.562921,55.782944,27,POINT (37.562921 55.782944)
"125284, Москва г, проезд. 1-й Боткинский, д. 2/6",038f8072-4098-4033-b4a1-9e6c73304c91,038f8072-4098-4033-b4a1-9e6c73304c91,45334000,УО,5067746794231.0,771401001.0,"ОБЩЕСТВО С ОГРАНИЧЕННОЙ ОТВЕТСТВЕННОСТЬЮ УПРАВЛЯЮЩАЯ КОМПАНИЯ ДИРЕКЦИЯ ЭКСПЛУАТАЦИИ ЗДАНИЙ ""БЕГОВАЯ""",Многоквартирный,Исправный,14600.2,11166.6,-,-,-,,,,,77:09:0005014:1011,d097888a-e0c7-497f-876e-988e6020d87a,,,37.555483,55.781827,27,POINT (37.555483 55.781827)
"125284, Москва г, проезд. 1-й Боткинский, д. 4",39d9617a-bbf8-4023-bd36-606435518259,39d9617a-bbf8-4023-bd36-606435518259,45334000,УО,5067746794231.0,771401001.0,"ОБЩЕСТВО С ОГРАНИЧЕННОЙ ОТВЕТСТВЕННОСТЬЮ УПРАВЛЯЮЩАЯ КОМПАНИЯ ДИРЕКЦИЯ ЭКСПЛУАТАЦИИ ЗДАНИЙ ""БЕГОВАЯ""",Многоквартирный,Исправный,9190.4,7381.4,-,-,-,,,,,77:09:0005014:1012,7bbac55b-b59a-4067-ae85-438e1e6f18d6,,,37.5567369,55.7827564,27,POINT (37.5567369 55.7827564)
"125284, Москва г, проезд. 1-й Боткинский, д. 6",4393b277-74cb-4fac-81c9-56d1b531a413,4393b277-74cb-4fac-81c9-56d1b531a413,45334000,УО,5067746794231.0,771401001.0,"ОБЩЕСТВО С ОГРАНИЧЕННОЙ ОТВЕТСТВЕННОСТЬЮ УПРАВЛЯЮЩАЯ КОМПАНИЯ ДИРЕКЦИЯ ЭКСПЛУАТАЦИИ ЗДАНИЙ ""БЕГОВАЯ""",Многоквартирный,Исправный,16565.1,11578.9,-,-,-,,,,,77:09:0005014:1013,27c94db9-31a8-46d8-8523-999221ef3ec6,,,37.5579889,55.7836966,27,POINT (37.5579889 55.7836966)
"125284, Москва г, проезд. Беговой, д. 11",f0a2b2e5-0c42-45eb-b9db-6efe9ec0a902,f0a2b2e5-0c42-45eb-b9db-6efe9ec0a902,45334000,УО,5067746794231.0,771401001.0,"ОБЩЕСТВО С ОГРАНИЧЕННОЙ ОТВЕТСТВЕННОСТЬЮ УПРАВЛЯЮЩАЯ КОМПАНИЯ ДИРЕКЦИЯ ЭКСПЛУАТАЦИИ ЗДАНИЙ ""БЕГОВАЯ""",Многоквартирный,Исправный,2839.9,2307.3,-,-,-,,,,,77:09:0005013:1020,c96df1cd-9f64-4ef1-b161-ec595c75ae16,,,37.556933,55.779463,27,POINT (37.556933 55.779463)
"125284, Москва г, проезд. Беговой, д. 7",20912249-ca5c-46e6-a8d2-f767f6017df4,20912249-ca5c-46e6-a8d2-f767f6017df4,45334000,УО,1157746528830.0,771401001.0,"ГОСУДАРСТВЕННОЕ БЮДЖЕТНОЕ УЧРЕЖДЕНИЕ ГОРОДА МОСКВЫ ""ЖИЛИЩНИК РАЙОНА БЕГОВОЙ""",Многоквартирный,Исправный,1643.9,1303,-,-,-,,,,,77:09:0005013:1017,023b3587-204e-495d-8f4a-1f2d75f6b5f6,,,37.555381,55.77759409999999,27,POINT (37.555381 55.77759409999999)
"125284, Москва г, проезд. Беговой, д. 8",e71108e7-fce6-47ee-9398-fd726e5a4af0,e71108e7-fce6-47ee-9398-fd726e5a4af0,45334000,УО,1157746528830.0,771401001.0,"ГОСУДАРСТВЕННОЕ БЮДЖЕТНОЕ УЧРЕЖДЕНИЕ ГОРОДА МОСКВЫ ""ЖИЛИЩНИК РАЙОНА БЕГОВОЙ""",Многоквартирный,Исправный,2155.6,1709,-,-,-,,,,,77:09:0005013:1018,b63d3964-0c0f-4676-bb1e-a3c43dba7ec1,,,37.5554498,55.7765123,27,POINT (37.5554498 55.7765123)
"125284, Москва г, проезд. Беговой, д. 9",8ed95f1e-9e58-4945-ab64-fa92fae60952,8ed95f1e-9e58-4945-ab64-fa92fae60952,45334000,УО,5067746794231.0,771401001.0,"ОБЩЕСТВО С ОГРАНИЧЕННОЙ ОТВЕТСТВЕННОСТЬЮ УПРАВЛЯЮЩАЯ КОМПАНИЯ ДИРЕКЦИЯ ЭКСПЛУАТАЦИИ ЗДАНИЙ ""БЕГОВАЯ""",Многоквартирный,Исправный,3528.3,2082,-,-,-,,,,,77:09:0005013:1019,105d1061-44c2-47ca-9dc7-c7b36447f98b,,,37.556822,55.7787337,27,POINT (37.556822 55.7787337)
"125284, Москва г, ул. Беговая, д. 10",35f23e97-1d55-44dc-8eaf-d209d9e2f180,35f23e97-1d55-44dc-8eaf-d209d9e2f180,45334000,УО,5067746794231.0,771401001.0,"ОБЩЕСТВО С ОГРАНИЧЕННОЙ ОТВЕТСТВЕННОСТЬЮ УПРАВЛЯЮЩАЯ КОМПАНИЯ ДИРЕКЦИЯ ЭКСПЛУАТАЦИИ ЗДАНИЙ ""БЕГОВАЯ""",Многоквартирный,Исправный,1701.2,1627,-,-,-,,,,,77:09:0005015:1047,e66e7f13-cd53-4f61-8d28-ef1e42aa62cc,,,37.5563091,55.7765302,27,POINT (37.5563091 55.7765302)
"125284, Москва г, ул. Беговая, д. 11",392bbacc-9b38-42fa-acd0-c7068c3a78ca,392bbacc-9b38-42fa-acd0-c7068c3a78ca,45334000,УО,1157746528830.0,771401001.0,"ГОСУДАРСТВЕННОЕ БЮДЖЕТНОЕ УЧРЕЖДЕНИЕ ГОРОДА МОСКВЫ ""ЖИЛИЩНИК РАЙОНА БЕГОВОЙ""",Многоквартирный,Исправный,15347.4,12469,-,-,-,,,,,77:09:0005013:1023,94bbc872-ddd0-4c46-bb58-a1950e03d9e0,,,37.556933,55.779463,27,POINT (37.556933 55.779463)
"125284, Москва г, ул. Беговая, д. 13",6b936f7e-779d-4666-8055-de95d4e6a2a6,6b936f7e-779d-4666-8055-de95d4e6a2a6,45334000,УО,1157746528830.0,771401001.0,"ГОСУДАРСТВЕННОЕ БЮДЖЕТНОЕ УЧРЕЖДЕНИЕ ГОРОДА МОСКВЫ ""ЖИЛИЩНИК РАЙОНА БЕГОВОЙ""",Многоквартирный,Исправный,13405.7,10155,-,-,-,,,,,77:09:0005014:1007,0e7a4e17-1627-4391-91e0-d944201ad87e,,,37.5579346,55.7808795,27,POINT (37.5579346 55.7808795)
"125284, Москва г, ул. Беговая, д. 14",61c0f331-5de1-4aa3-9b66-3d5eec313d6e,61c0f331-5de1-4aa3-9b66-3d5eec313d6e,45334000,УО,5067746794231.0,771401001.0,"ОБЩЕСТВО С ОГРАНИЧЕННОЙ ОТВЕТСТВЕННОСТЬЮ УПРАВЛЯЮЩАЯ КОМПАНИЯ ДИРЕКЦИЯ ЭКСПЛУАТАЦИИ ЗДАНИЙ ""БЕГОВАЯ""",Многоквартирный,Исправный,3439.9,2921.2,-,-,-,,,,,77:09:0005015:1048,5ecf1209-9623-4227-a806-39aab00a24be,,,37.5563209,55.777044,27,POINT (37.5563209 55.777044)
"125284, Москва г, ул. Беговая, д. 15",051864c9-1dba-49e0-8dce-2a4d5aaaa4e2,051864c9-1dba-49e0-8dce-2a4d5aaaa4e2,45334000,ЖК,1027739806280.0,771401001.0,"ЖИЛИЩНО-СТРОИТЕЛЬНЫЙ КООПЕРАТИВ ""ОРКЕСТР ГОСУДАРСТВЕННОГО АКАДЕМИЧЕСКОГО БОЛЬШОГОТЕАТРА""",Многоквартирный,Исправный,5398.22,5399,-,-,-,,,,,,73d23c36-980e-401b-aa0e-e2ab75b29f63,,,37.557371,55.781744,27,POINT (37.557371 55.781744)
"125284, Москва г, ул. Беговая, д. 16",b09a4a1f-cbee-42da-97ab-43fbfbe1edec,b09a4a1f-cbee-42da-97ab-43fbfbe1edec,45334000,УО,5067746794231.0,771401001.0,"ОБЩЕСТВО С ОГРАНИЧЕННОЙ ОТВЕТСТВЕННОСТЬЮ УПРАВЛЯЮЩАЯ КОМПАНИЯ ДИРЕКЦИЯ ЭКСПЛУАТАЦИИ ЗДАНИЙ ""БЕГОВАЯ""",Многоквартирный,Исправный,2655.5,2630,-,-,-,,,,,77:09:0005015:1049,da4bb12a-e1ee-4db0-bc07-279bdb54a058,,,37.557,55.777451,27,POINT (37.557 55.777451)
"125284, Москва г, ул. Беговая, д. 17, корп. 1",d38b47eb-4285-42bc-a47c-10f44d44c824,d38b47eb-4285-42bc-a47c-10f44d44c824,45334000,УО,5067746794231.0,771401001.0,"ОБЩЕСТВО С ОГРАНИЧЕННОЙ ОТВЕТСТВЕННОСТЬЮ УПРАВЛЯЮЩАЯ КОМПАНИЯ ДИРЕКЦИЯ ЭКСПЛУАТАЦИИ ЗДАНИЙ ""БЕГОВАЯ""",Многоквартирный,Исправный,8987.9,4840.6,-,-,-,,,,,77:09:0005014:1009,82ea1912-5876-4967-a0c7-51348be31d22,,,37.559861,55.781769,27,POINT (37.559861 55.781769)
"125284, Москва г, ул. Беговая, д. 18, корп. 1",0b21d528-33a6-40e6-ae1a-9eb41b081d20,0b21d528-33a6-40e6-ae1a-9eb41b081d20,45334000,УО,5067746794231.0,771401001.0,"ОБЩЕСТВО С ОГРАНИЧЕННОЙ ОТВЕТСТВЕННОСТЬЮ УПРАВЛЯЮЩАЯ КОМПАНИЯ ДИРЕКЦИЯ ЭКСПЛУАТАЦИИ ЗДАНИЙ ""БЕГОВАЯ""",Многоквартирный,Исправный,2523.0,2407,-,-,-,,,,,77:09:0005015:1050,7e69f8f6-911d-48fe-9d92-df4981cdc676,,,37.55701699999999,55.777944,27,POINT (37.55701699999999 55.777944)
"125284, Москва г, ул. Беговая, д. 18, корп. 2",25ea1ac8-634e-4ff9-ae70-7c10651932d1,25ea1ac8-634e-4ff9-ae70-7c10651932d1,45334000,УО,5067746794231.0,771401001.0,"ОБЩЕСТВО С ОГРАНИЧЕННОЙ ОТВЕТСТВЕННОСТЬЮ УПРАВЛЯЮЩАЯ КОМПАНИЯ ДИРЕКЦИЯ ЭКСПЛУАТАЦИИ ЗДАНИЙ ""БЕГОВАЯ""",Многоквартирный,Исправный,5499.8,5055.9,-,-,-,,,,,77:09:0005015:1031,12693bd5-433a-4c4b-8148-5db238ad96a3,,,37.5580039,55.777649,27,POINT (37.5580039 55.777649)
"125284, Москва г, ул. Беговая, д. 2",d378eba0-0d41-49c7-8c4a-69760b3b7336,d378eba0-0d41-49c7-8c4a-69760b3b7336,45334000,УО,5067746794231.0,771401001.0,"ОБЩЕСТВО С ОГРАНИЧЕННОЙ ОТВЕТСТВЕННОСТЬЮ УПРАВЛЯЮЩАЯ КОМПАНИЯ ДИРЕКЦИЯ ЭКСПЛУАТАЦИИ ЗДАНИЙ ""БЕГОВАЯ""",Многоквартирный,Исправный,11742.3,9097,-,-,-,,,,,77:09:0005015:1043,66215257-b0b4-4b37-ba7c-89797039b3ac,,,37.5562995,55.7747801,27,POINT (37.5562995 55.7747801)
"125284, Москва г, ул. Беговая, д. 20, корп. 1",16d84e9e-f63a-4095-b53d-d19ae64442df,16d84e9e-f63a-4095-b53d-d19ae64442df,45334000,УО,1157746528830.0,771401001.0,"ГОСУДАРСТВЕННОЕ БЮДЖЕТНОЕ УЧРЕЖДЕНИЕ ГОРОДА МОСКВЫ ""ЖИЛИЩНИК РАЙОНА БЕГОВОЙ""",Многоквартирный,Аварийный,2628.5,2203,-,-,-,,,,,77:09:0005015:1032,f67525e0-9e15-40b5-842a-f3016ec6a026,,,37.557315,55.77844,27,POINT (37.557315 55.77844)
"125284, Москва г, ул. Беговая, д. 20, корп. 2",2accc922-2cfc-4fa4-8a5a-aab816d63c02,2accc922-2cfc-4fa4-8a5a-aab816d63c02,45334000,УО,1157746528830.0,771401001.0,"ГОСУДАРСТВЕННОЕ БЮДЖЕТНОЕ УЧРЕЖДЕНИЕ ГОРОДА МОСКВЫ ""ЖИЛИЩНИК РАЙОНА БЕГОВОЙ""",Многоквартирный,Исправный,1907.4,1600,-,-,-,,,,,77:09:0005015:1033,77adf7a1-6acf-49b1-bf56-93c2e9d5c570,,,37.558039,55.7782,27,POINT (37.558039 55.7782)
"125284, Москва г, ул. Беговая, д. 24",46ac3c7a-4829-45b8-a1a6-9652acc6c2c2,46ac3c7a-4829-45b8-a1a6-9652acc6c2c2,45334000,УО,5067746794231.0,771401001.0,"ОБЩЕСТВО С ОГРАНИЧЕННОЙ ОТВЕТСТВЕННОСТЬЮ УПРАВЛЯЮЩАЯ КОМПАНИЯ ДИРЕКЦИЯ ЭКСПЛУАТАЦИИ ЗДАНИЙ ""БЕГОВАЯ""",Многоквартирный,Исправный,6735.4,5386.6,-,-,-,,,,,77:09:0005015:1035,6b44f884-d744-479a-aafa-43bfd8496f4e,,,37.5595554,55.78069989999999,27,POINT (37.5595554 55.78069989999999)
"125284, Москва г, ул. Беговая, д. 26",3bb786c9-70d1-48bb-ba38-31b5e738c828,3bb786c9-70d1-48bb-ba38-31b5e738c828,45334000,УО,5067746794231.0,771401001.0,"ОБЩЕСТВО С ОГРАНИЧЕННОЙ ОТВЕТСТВЕННОСТЬЮ УПРАВЛЯЮЩАЯ КОМПАНИЯ ДИРЕКЦИЯ ЭКСПЛУАТАЦИИ ЗДАНИЙ ""БЕГОВАЯ""",Многоквартирный,Исправный,6681.3,5306,-,-,-,,,,,77:09:0005015:1081,58c4e203-d916-467d-8e55-8047d860698e,,,37.5602426,55.7808675,27,POINT (37.5602426 55.7808675)
"125284, Москва г, ул. Беговая, д. 28",345faa84-5e6f-49f6-9b1d-276bedfc9386,345faa84-5e6f-49f6-9b1d-276bedfc9386,45334000,УО,1157746528830.0,771401001.0,"ГОСУДАРСТВЕННОЕ БЮДЖЕТНОЕ УЧРЕЖДЕНИЕ ГОРОДА МОСКВЫ ""ЖИЛИЩНИК РАЙОНА БЕГОВОЙ""",Многоквартирный,Исправный,10218.9,8888,-,-,-,,,,,77:09:0005015:1036,f02c47c4-cc6e-42b2-9747-d96fd182300f,,,37.5611029,55.7816019,27,POINT (37.5611029 55.7816019)
"125284, Москва г, ул. Беговая, д. 32",7f50edba-aa59-46d4-ae17-c35b76bb0af5,7f50edba-aa59-46d4-ae17-c35b76bb0af5,45334000,УО,1157746528830.0,771401001.0,"ГОСУДАРСТВЕННОЕ БЮДЖЕТНОЕ УЧРЕЖДЕНИЕ ГОРОДА МОСКВЫ ""ЖИЛИЩНИК РАЙОНА БЕГОВОЙ""",Многоквартирный,Исправный,9660.4,7985.4,-,-,-,,,,,77:09:0005015:1037,9d49bcca-59b4-4bc0-b371-b686fed610ba,,,37.562706,55.782799,27,POINT (37.562706 55.782799)
"125284, Москва г, ул. Беговая, д. 34",5ede76ac-9e8a-4a70-8d12-be4fb54694d9,5ede76ac-9e8a-4a70-8d12-be4fb54694d9,45334000,УО,1157746528830.0,771401001.0,"ГОСУДАРСТВЕННОЕ БЮДЖЕТНОЕ УЧРЕЖДЕНИЕ ГОРОДА МОСКВЫ ""ЖИЛИЩНИК РАЙОНА БЕГОВОЙ""",Многоквартирный,Исправный,18555.8,16867,-,-,-,,,,,77:09:0005015:1038,048cd662-9ec7-4468-aa4a-25bef953e244,,,37.5644625,55.7837556,27,POINT (37.5644625 55.7837556)
"125284, Москва г, ул. Беговая, д. 4",e486aa85-ef4b-454f-b765-ebafc4f99eb1,e486aa85-ef4b-454f-b765-ebafc4f99eb1,45334000,УО,5067746794231.0,771401001.0,"ОБЩЕСТВО С ОГРАНИЧЕННОЙ ОТВЕТСТВЕННОСТЬЮ УПРАВЛЯЮЩАЯ КОМПАНИЯ ДИРЕКЦИЯ ЭКСПЛУАТАЦИИ ЗДАНИЙ ""БЕГОВАЯ""",Многоквартирный,Исправный,8062.9,5949.5,-,-,-,,,,,77:09:0005015:1044,75ba6644-2910-47e3-80fd-74d293cadb3b,,,37.5551821,55.7758257,27,POINT (37.5551821 55.7758257)
"125284, Москва г, ул. Беговая, д. 5",436ce3a4-ee0d-43cb-b633-4a604ebb4add,436ce3a4-ee0d-43cb-b633-4a604ebb4add,45334000,УО,5067746794231.0,771401001.0,"ОБЩЕСТВО С ОГРАНИЧЕННОЙ ОТВЕТСТВЕННОСТЬЮ УПРАВЛЯЮЩАЯ КОМПАНИЯ ДИРЕКЦИЯ ЭКСПЛУАТАЦИИ ЗДАНИЙ ""БЕГОВАЯ""",Многоквартирный,Исправный,10399.2,8207.9,-,-,-,,,,,77:09:0005013:1021,f44cce3d-8b1b-4a7f-9b39-700e5d674e20,,,37.5546706,55.7764105,27,POINT (37.5546706 55.7764105)
"125284, Москва г, ул. Беговая, д. 6",85562d54-966b-481a-a2aa-4e4ddcab47fd,85562d54-966b-481a-a2aa-4e4ddcab47fd,45334000,УО,5067746794231.0,771401001.0,"ОБЩЕСТВО С ОГРАНИЧЕННОЙ ОТВЕТСТВЕННОСТЬЮ УПРАВЛЯЮЩАЯ КОМПАНИЯ ДИРЕКЦИЯ ЭКСПЛУАТАЦИИ ЗДАНИЙ ""БЕГОВАЯ""",Многоквартирный,Исправный,5354.9,4961,-,-,-,,,,,77:09:0005015:1080,1e8e5762-8484-4ce9-90dd-75cffd664ec0,,,37.55553159999999,55.7760879,27,POINT (37.55553159999999 55.7760879)
"125284, Москва г, ул. Беговая, д. 6, корп. 2",b209772b-9638-4a83-8a96-5c5d318841c2,b209772b-9638-4a83-8a96-5c5d318841c2,45334000,УО,5067746794231.0,771401001.0,"ОБЩЕСТВО С ОГРАНИЧЕННОЙ ОТВЕТСТВЕННОСТЬЮ УПРАВЛЯЮЩАЯ КОМПАНИЯ ДИРЕКЦИЯ ЭКСПЛУАТАЦИИ ЗДАНИЙ ""БЕГОВАЯ""",Многоквартирный,Исправный,5377.0,5377,-,-,-,,,,,77:09:0005015:1045,a3bea7f7-d525-42f5-9691-ee30d69d95f0,,,37.55769600000001,55.775484,27,POINT (37.55769600000001 55.775484)
"125284, Москва г, ул. Беговая, д. 6, корп. 3",ed852577-df46-41f6-962d-c48a9e6cbfbc,ed852577-df46-41f6-962d-c48a9e6cbfbc,45334000,ЖК,1027739400204.0,771401001.0,"ЖИЛИЩНО-СТРОИТЕЛЬНЫЙ КООПЕРАТИВ ""КИНОХРОНИКА""",Многоквартирный,Исправный,5401.5,3242.5,-,-,-,,,,,нет,2a460ce3-19ef-4d24-ab28-7f18aa94841f,,,37.557611,55.776008,27,POINT (37.557611 55.776008)
"125284, Москва г, ул. Беговая, д. 6, корп. 4",51eb3253-da16-40fb-9990-2102fc60660f,51eb3253-da16-40fb-9990-2102fc60660f,45334000,УО,5067746794231.0,771401001.0,"ОБЩЕСТВО С ОГРАНИЧЕННОЙ ОТВЕТСТВЕННОСТЬЮ УПРАВЛЯЮЩАЯ КОМПАНИЯ ДИРЕКЦИЯ ЭКСПЛУАТАЦИИ ЗДАНИЙ ""БЕГОВАЯ""",Многоквартирный,Исправный,5379.6,5293,-,-,-,,,,,77:09:0005015:1046,4e298f77-4d27-4212-b2f3-e087d3b6089d,,,37.557918,55.77667899999999,27,POINT (37.557918 55.77667899999999)
"125284, Москва г, ул. Беговая, д. 7",6bbe5a74-e2c8-4131-9866-4df6ed875359,6bbe5a74-e2c8-4131-9866-4df6ed875359,45334000,УО,1027739449528.0,771401001.0,"ОБЩЕСТВО С ОГРАНИЧЕННОЙ ОТВЕТСТВЕННОСТЬЮ ""СОКО-МПХ""",Многоквартирный,Исправный,22354.8,16685,-,-,-,,,,,77:09:0005013:1022,684ee218-e48e-4765-aa15-5db344c8d485,,,37.555381,55.77759409999999,27,POINT (37.555381 55.77759409999999)
"127083, Москва г, аллея. Петровско-Разумовская, д. 2",84d3a4f7-0d4c-4946-b775-d736f8b07899,84d3a4f7-0d4c-4946-b775-d736f8b07899,45333000,ТСЖ,1107746982980.0,771401001.0,"ТОВАРИЩЕСТВО СОБСТВЕННИКОВ ЖИЛЬЯ ""ГОРОДОК ХУДОЖНИКОВ НА МАСЛОВКЕ""",Многоквартирный,Исправный,2738.8,2666.3,-,-,-,,,,,нет,21bfd4b4-ecff-410c-b5fa-097d8611bd69,,,37.56795,55.79139199999999,27,POINT (37.56795 55.79139199999999)
"127083, Москва г, аллея. Петровско-Разумовская, д. 6",abfb3348-69b2-480b-af22-959fae64ece8,abfb3348-69b2-480b-af22-959fae64ece8,45333000,УО,1147746002106.0,771401001.0,"ГОСУДАРСТВЕННОЕ БЮДЖЕТНОЕ УЧРЕЖДЕНИЕ ГОРОДА МОСКВЫ ""ЖИЛИЩНИК РАЙОНА АЭРОПОРТ""",Многоквартирный,Исправный,6802.6,6316,-,-,-,,,,,77:09:0004017:1008,e479abb2-c186-4583-949c-68e50d02b57e,,,37.5654982,55.7919277,27,POINT (37.5654982 55.7919277)
"127083, Москва г, проезд. Петровско-Разумовский, д. 4",867511b1-f798-4faa-8ac9-e93c66c74bba,867511b1-f798-4faa-8ac9-e93c66c74bba,45344000,УО,1137746432218.0,771401001.0,"ОБЩЕСТВО С ОГРАНИЧЕННОЙ ОТВЕТСТВЕННОСТЬЮ ""ИВУШКА""",Многоквартирный,Исправный,2563.9,2313.8,-,-,-,,,,,нет,b4a102a4-2458-48d6-ac6c-b4e33edbd2fd,,,37.569888,55.79260799999999,27,POINT (37.569888 55.79260799999999)
"127083, Москва г, ул. Верхняя Масловка, д. 2",faf88c34-7cfc-42db-9d35-e20784adcc97,faf88c34-7cfc-42db-9d35-e20784adcc97,45344000,УО,1137746432218.0,771401001.0,"ОБЩЕСТВО С ОГРАНИЧЕННОЙ ОТВЕТСТВЕННОСТЬЮ ""ИВУШКА""",Многоквартирный,Исправный,3162.0,2449.7,-,-,-,,,,,нет,5defc799-c1f9-419d-b5c5-330ed6a3aa69,,,37.5691526,55.7920683,27,POINT (37.5691526 55.7920683)
"127083, Москва г, ул. Верхняя Масловка, д. 3",c3e21b8e-786f-4743-9258-cd3f16e07b9b,c3e21b8e-786f-4743-9258-cd3f16e07b9b,45333000,ТСЖ,1107746982980.0,771401001.0,"ТОВАРИЩЕСТВО СОБСТВЕННИКОВ ЖИЛЬЯ ""ГОРОДОК ХУДОЖНИКОВ НА МАСЛОВКЕ""",Многоквартирный,Исправный,7496.5,3762.1,-,-,-,,,,,нет,8edfc91d-2f3d-4e65-8912-bb3562b700bf,,,37.567423,55.792011,27,POINT (37.567423 55.792011)
"127083, Москва г, ул. Верхняя Масловка, д. 4",f090b9b2-710b-40db-9e80-67c192cfcba8,f090b9b2-710b-40db-9e80-67c192cfcba8,45344000,УО,1137746432218.0,771401001.0,"ОБЩЕСТВО С ОГРАНИЧЕННОЙ ОТВЕТСТВЕННОСТЬЮ ""ИВУШКА""",Многоквартирный,Исправный,3201.0,1621,-,-,-,,,,,нет,70601908-183f-410a-b114-60fda71a4381,,,37.5677416,55.7924906,27,POINT (37.5677416 55.7924906)
"127083, Москва г, ул. Верхняя Масловка, д. 5",60097f1a-c875-4f0a-bd0f-1b24ed788e8f,60097f1a-c875-4f0a-bd0f-1b24ed788e8f,45333000,ТСЖ,1107746982980.0,771401001.0,"ТОВАРИЩЕСТВО СОБСТВЕННИКОВ ЖИЛЬЯ ""ГОРОДОК ХУДОЖНИКОВ НА МАСЛОВКЕ""",Многоквартирный,Исправный,2344.8,1296,-,-,-,,,,,,2c6a0ae7-143f-4a94-91da-bf858b6c7421,,,37.5663618,55.7921258,27,POINT (37.5663618 55.7921258)
"127083, Москва г, ул. Верхняя Масловка, д. 7",13a51bb9-3db6-4187-8f13-1b221b0616b9,13a51bb9-3db6-4187-8f13-1b221b0616b9,45333000,УО,1147746002106.0,771401001.0,"ГОСУДАРСТВЕННОЕ БЮДЖЕТНОЕ УЧРЕЖДЕНИЕ ГОРОДА МОСКВЫ ""ЖИЛИЩНИК РАЙОНА АЭРОПОРТ""",Многоквартирный,Исправный,3044.0,2374,-,-,-,,,,,77:09:0004017:1012,744f6cbe-4fc9-44a7-bf64-d42486e94a81,,,37.56553,55.792492,27,POINT (37.56553 55.792492)
"127220, Москва г, проезд. Петровско-Разумовский, д. 2",408cebf6-48cb-45c9-8ea3-1bff410c3cf2,408cebf6-48cb-45c9-8ea3-1bff410c3cf2,45344000,УО,1157746503892.0,771401001.0,"ГОСУДАРСТВЕННОЕ БЮДЖЕТНОЕ УЧРЕЖДЕНИЕ ГОРОДА МОСКВЫ ""ЖИЛИЩНИК САВЕЛОВСКОГО РАЙОНА""",Многоквартирный,Исправный,3055.5,2284.5,-,-,-,,,,,77:09:0004018:1014,fcec028b-2292-4bd2-bb74-976062942117,,,37.5700423,55.792313,27,POINT (37.5700423 55.792313)
"127220, Москва г, проезд. Петровско-Разумовский, д. 4А",dd0eaac1-64d8-417b-bc1a-7570eaa78b64,dd0eaac1-64d8-417b-bc1a-7570eaa78b64,45344000,УО,1137746432218.0,771401001.0,"ОБЩЕСТВО С ОГРАНИЧЕННОЙ ОТВЕТСТВЕННОСТЬЮ ""ИВУШКА""",Многоквартирный,Исправный,2605.2,2589.2,-,-,-,,,,,нет,5b7abe43-55fd-4f86-bf7e-6ca76a35747b,,,37.5705697,55.7926801,27,POINT (37.5705697 55.7926801)
"127220, Москва г, ул. 1-я Бебеля, д. 3",d3057cb3-3c1d-4ade-b01c-a23c7b1d3248,d3057cb3-3c1d-4ade-b01c-a23c7b1d3248,45344000,УО,1137746432218.0,771401001.0,"ОБЩЕСТВО С ОГРАНИЧЕННОЙ ОТВЕТСТВЕННОСТЬЮ ""ИВУШКА""",Многоквартирный,Исправный,3646.0,3491,-,-,-,,,,,нет,6d4df7c6-48a8-4962-bd28-28acb1ebf011,,,37.5720838,55.7927995,27,POINT (37.5720838 55.7927995)
"127220, Москва г, ул. 1-я Бебеля, д. 3А",72964ab1-21c4-479e-9bde-5c99848c73d0,72964ab1-21c4-479e-9bde-5c99848c73d0,45344000,УО,1137746432218.0,771401001.0,"ОБЩЕСТВО С ОГРАНИЧЕННОЙ ОТВЕТСТВЕННОСТЬЮ ""ИВУШКА""",Многоквартирный,Исправный,3467.0,3458,-,-,-,,,,,нет,03d6273c-8c6a-4f4c-b62e-29e606a7eed8,,,37.57150499999999,55.79278499999999,27,POINT (37.57150499999999 55.79278499999999)
"127220, Москва г, ул. Башиловская, д. 1, корп. 1",43192d75-b289-40df-b94c-a74c49a879e6,43192d75-b289-40df-b94c-a74c49a879e6,45344000,УО,1137746432218.0,771401001.0,"ОБЩЕСТВО С ОГРАНИЧЕННОЙ ОТВЕТСТВЕННОСТЬЮ ""ИВУШКА""",Многоквартирный,Исправный,11804.0,6528,-,-,-,,,,,нет,e637e3c9-6174-4db9-a77c-f3e238e435b8,,,37.576704,55.792846,27,POINT (37.576704 55.792846)
"127220, Москва г, ул. Нижняя Масловка, д. 14",020b7cca-268a-4a73-9ae5-e0c10c363da1,020b7cca-268a-4a73-9ae5-e0c10c363da1,45344000,УО,1137746432218.0,771401001.0,"ОБЩЕСТВО С ОГРАНИЧЕННОЙ ОТВЕТСТВЕННОСТЬЮ ""ИВУШКА""",Многоквартирный,Исправный,12785.9,9445.3,-,-,-,,,,,нет,be5125ce-d066-4aec-8526-1894e42ce434,,,37.5759086,55.7920485,27,POINT (37.5759086 55.7920485)
"127220, Москва г, ул. Нижняя Масловка, д. 18",7910e3e6-3889-4e48-aa05-de2d4ea3fb79,7910e3e6-3889-4e48-aa05-de2d4ea3fb79,45344000,УО,1137746432218.0,771401001.0,"ОБЩЕСТВО С ОГРАНИЧЕННОЙ ОТВЕТСТВЕННОСТЬЮ ""ИВУШКА""",Многоквартирный,Исправный,6999.0,5419.6,-,-,-,,,,,нет,ea2c402c-4a0a-410a-8c98-a93d0fed3c1d,,,37.5719093,55.7919184,27,POINT (37.5719093 55.7919184)
"127220, Москва г, ул. Нижняя Масловка, д. 20",97ae159c-a76f-4b1b-be4c-3c6a1573d9bd,97ae159c-a76f-4b1b-be4c-3c6a1573d9bd,45344000,УО,1137746432218.0,771401001.0,"ОБЩЕСТВО С ОГРАНИЧЕННОЙ ОТВЕТСТВЕННОСТЬЮ ""ИВУШКА""",Многоквартирный,Исправный,3129.0,2306.6,-,-,-,,,,,нет,cbc8b28f-a916-40bc-86d5-554e8ab712e5,,,37.5706649,55.7918961,27,POINT (37.5706649 55.7918961)
"127220, Москва г, ул. Нижняя Масловка, д. 6, корп. 2",00829c93-6afa-4550-9669-09c37614875a,00829c93-6afa-4550-9669-09c37614875a,45344000,УО,1137746432218.0,771401001.0,"ОБЩЕСТВО С ОГРАНИЧЕННОЙ ОТВЕТСТВЕННОСТЬЮ ""ИВУШКА""",Многоквартирный,Исправный,3617.9,3617.1,-,-,-,,,,,нет,6745faea-2fa8-4d75-9f49-fd45c0663cee,,,37.5807996,55.7929866,27,POINT (37.5807996 55.7929866)
"127220, Москва г, ул. Нижняя Масловка, д. 8",cb2fe655-76f1-41ae-a95d-9b2986b2a20f,cb2fe655-76f1-41ae-a95d-9b2986b2a20f,45344000,УО,1157746503892.0,771401001.0,"ГОСУДАРСТВЕННОЕ БЮДЖЕТНОЕ УЧРЕЖДЕНИЕ ГОРОДА МОСКВЫ ""ЖИЛИЩНИК САВЕЛОВСКОГО РАЙОНА""",Многоквартирный,Исправный,13861.5,10958.4,-,-,-,,,,,77:09:0004019:1018,a233a6bc-075c-4250-82ab-2988ec21f7db,,,37.5791475,55.7929675,27,POINT (37.5791475 55.7929675)
"127220, Москва г, ул. Полтавская, д. 2",910de71c-c185-4fb0-8ef9-2fbdbc0b37fb,910de71c-c185-4fb0-8ef9-2fbdbc0b37fb,45344000,УО,1157746503892.0,771401001.0,"ГОСУДАРСТВЕННОЕ БЮДЖЕТНОЕ УЧРЕЖДЕНИЕ ГОРОДА МОСКВЫ ""ЖИЛИЩНИК САВЕЛОВСКОГО РАЙОНА""",Многоквартирный,Исправный,11103.4,10053.8,-,-,-,,,,,77:09:0004018:1012,580c8114-9cf1-4804-83cb-053cec8eeff7,,,37.5745962,55.7920534,27,POINT (37.5745962 55.7920534)
"127015, Москва г, ул. Бутырская, д. 3",d0e0e309-363e-40e6-8e06-ade47423472a,d0e0e309-363e-40e6-8e06-ade47423472a,45344000,УО,1157746503892,771401001.0,"ГОСУДАРСТВЕННОЕ БЮДЖЕТНОЕ УЧРЕЖДЕНИЕ ГОРОДА МОСКВЫ ""ЖИЛИЩНИК САВЕЛОВСКОГО РАЙОНА""",Многоквартирный,Исправный,5655.8,4663.4,-,-,-,,,,,77:09:0004019:1012,40c94769-a438-4446-9942-73cf483d2531,,,37.583418,55.793298,27,POINT (37.583418 55.793298)
"127015, Москва г, ул. Вятская, д. 1",468309c4-1657-4a3a-8d13-325ba3c13688,468309c4-1657-4a3a-8d13-325ba3c13688,45344000,УО,1157746503892,771401001.0,"ГОСУДАРСТВЕННОЕ БЮДЖЕТНОЕ УЧРЕЖДЕНИЕ ГОРОДА МОСКВЫ ""ЖИЛИЩНИК САВЕЛОВСКОГО РАЙОНА""",Многоквартирный,Исправный,8722.4,6998.3,-,-,-,,,,,77:09:0004019:1009,9a8f82b7-1cd0-4eb0-b8a7-54fbc0b14451,,,37.582331,55.792933,27,POINT (37.582331 55.792933)
"127015, Москва г, ул. Нижняя Масловка, д. 5",4d9289d6-b526-4cb8-a808-5abcb1d031f2,4d9289d6-b526-4cb8-a808-5abcb1d031f2,45334000,УО,1157746528830,771401001.0,"ГОСУДАРСТВЕННОЕ БЮДЖЕТНОЕ УЧРЕЖДЕНИЕ ГОРОДА МОСКВЫ ""ЖИЛИЩНИК РАЙОНА БЕГОВОЙ""",Многоквартирный,Исправный,8546.2,6975,-,-,-,,,,,77:09:0004020:1055,5a53af83-839f-487e-b9a2-0c8bbcb6caa9,,,37.583176,55.791668,27,POINT (37.583176 55.791668)
"127015, Москва г, ул. Нижняя Масловка, д. 5, корп. 1",1def7347-1663-419b-828c-8be1e0bf52e5,1def7347-1663-419b-828c-8be1e0bf52e5,45334000,УО,1157746528830,771401001.0,"ГОСУДАРСТВЕННОЕ БЮДЖЕТНОЕ УЧРЕЖДЕНИЕ ГОРОДА МОСКВЫ ""ЖИЛИЩНИК РАЙОНА БЕГОВОЙ""",Многоквартирный,Исправный,3457.3,3457.3,-,-,-,,,,,77:09:0004020:1052,9acd7710-c680-41fa-a5d5-2bc3b3e29c5b,,,37.58429,55.791385,27,POINT (37.58429 55.791385)
"127015, Москва г, ул. Нижняя Масловка, д. 5, корп. 2",92c29b6a-218b-4adb-bcf0-7825629ed648,92c29b6a-218b-4adb-bcf0-7825629ed648,45334000,УО,1157746528830,771401001.0,"ГОСУДАРСТВЕННОЕ БЮДЖЕТНОЕ УЧРЕЖДЕНИЕ ГОРОДА МОСКВЫ ""ЖИЛИЩНИК РАЙОНА БЕГОВОЙ""",Многоквартирный,Исправный,3576.0,3306,-,-,-,,,,,77:09:0004020:1053,7c9c7e71-13a8-4a4c-8831-eb0c5d4ee6d5,,,37.582619,55.791233,27,POINT (37.582619 55.791233)
"127015, Москва г, ул. Нижняя Масловка, д. 5, корп. 3",a834f96c-61e2-4d3b-a809-19c772520691,a834f96c-61e2-4d3b-a809-19c772520691,45334000,УО,1157746528830,771401001.0,"ГОСУДАРСТВЕННОЕ БЮДЖЕТНОЕ УЧРЕЖДЕНИЕ ГОРОДА МОСКВЫ ""ЖИЛИЩНИК РАЙОНА БЕГОВОЙ""",Многоквартирный,Исправный,2501.6,2502,-,-,-,,,,,77:09:0004020:1054,fcee60bb-619e-4061-9917-f50a8f0972f0,,,37.581792,55.791248,27,POINT (37.581792 55.791248)
"127015, Москва г, ул. Нижняя Масловка, д. 5, корп. 5",259ad68d-eddf-4375-8fc0-6b6813b2f306,259ad68d-eddf-4375-8fc0-6b6813b2f306,45334000,УО,1157746528830,771401001.0,"ГОСУДАРСТВЕННОЕ БЮДЖЕТНОЕ УЧРЕЖДЕНИЕ ГОРОДА МОСКВЫ ""ЖИЛИЩНИК РАЙОНА БЕГОВОЙ""",Многоквартирный,Исправный,5594.3,4777,-,-,-,,,,,77:09:0004020:1056,86226c36-bd71-41c7-bc04-66ca7c40401e,,,37.582008,55.791572,27,POINT (37.582008 55.791572)
